sku,store,attribute_set,_type,_category,_root_category,websites,category_ids,created_at,custom_design,custom_design_from,custom_design_to,custom_layout_update,description,gallery,gift_message_available,has_options,image,image_label,manufacturer,media_gallery,meta_description,meta_keyword,meta_title,minimal_price,msrp,msrp_display_actual_price_type,msrp_enabled,name,news_from_date,news_to_date,options_container,page_layout,price,required_options,short_description,small_image,small_image_label,special_from_date,special_price,special_to_date,status,tax_class_id,thumbnail,thumbnail_label,updated_at,url_key,url_path,visibility,weight,qty,min_qty,use_config_min_qty,is_qty_decimal,backorders,use_config_backorders,min_sale_qty,use_config_min_sale_qty,max_sale_qty,use_config_max_sale_qty,is_in_stock,notify_stock_qty,use_config_notify_stock_qty,manage_stock,use_config_manage_stock,stock_status_changed_auto,use_config_qty_increments,qty_increments,use_config_enable_qty_inc,enable_qty_increments,is_decimal_divided,_links_related_sku,_links_related_position,_links_crosssell_sku,_links_crosssell_position,_links_upsell_sku,_links_upsell_position,_associated_sku,_associated_default_qty,_associated_position,_tier_price_website,_tier_price_customer_group,_tier_price_qty,_tier_price_price,_group_price_website,_group_price_customer_group,_group_price_price,_media_attribute_id,_media_image,_media_lable,_media_position,_media_is_disabled,grape,wine_year,wine_land,type_of_wine,wine_region,wine_appellation,wine_chateau,wine_classification,wine_drinkstaduim,wine_flavor_type,wine_score,wine_resources_score,product_type_id,store_id,in_depth,model,_product_websites
28,default,Wijnen,simple,Wijnen,Root Catalog,base,3,2014-02-18 21:42:32,,,,,"Helder, zuiver diepblank van kleur met een zilveren glans. Stuivend fris bouquet vol fruit als citrus, groene appeltjes en kiwi. Elegant van structuur en stijl, verrassend zacht in de mond en in de afdronk lichte terroiraccenten. 100% sauvignon blanc.",,,1,/b/o/bourgogne_en_loire_195_260_q_pinot_noir.png,Sauvignon Blanc,,inner,,,Chartron la Fleur - Bordeaux Blanc,,,Use config,Use config,Chartron la Fleur - Bordeaux Blanc,,,Block after Info Column,,5.95,0,"Al vele jaren de witte huiswijn uit Bordeaux van Vanouds de Zwaan. Heerlijk droog en fris, maar wel verrassend zacht voor een sauvignon blanc. Ster in de Guide Hachette 2012!",,,,,,1,2,1,0,,,,4,75,75,540,540,0,1,0,0,1,1,1,1,1,0,,1,1,0,0,1,0,1,0,0,,,,,,,,,,,,,,,,,88,,,Sauvignon Blanc,2010,Frankrijk,Wit,Bordeaux,Bordeaux,Schröder & Schyler,,Op dronk,Licht en fruitig,,,simple,1,test in depth,,base
29,default,Wijnen,simple,Wijnen,Root Catalog,base,3,2014-02-18 21:42:32,,,,,"Intense robijnrode kleur met aroma's van rode vruchten, pruimen, een hint van munt en kruiden. Merlot voert de boventoon, waardoor de wijn fruitig is, zacht en soepel met een sappige, frisse afdronk.",,,1,,,,inner,,,,,,,,Château Les Arqueys,,,Block after Info Column,,5.95,,"Een zachte en soepele Bordeaux waarin merlot de boventoon voert - gul, sappig en lekker fruitig.",,,,,,1,2,1,,,,,4,75,75,24,24,0,1,0,0,1,1,1,1,1,0,,1,1,0,0,1,0,1,0,0,,,,,,,,,,,,,,,,,,,,"Merlot, Cabernet Sauvignon",2010,Frankrijk,Rood,Bordeaux,Bordeaux,Château Les Arqueys,,Op dronk,Vol en soepel,,,simple,1,test in depth,,base
30,default,Wijnen,simple,Wijnen,Root Catalog,base,3,2014-02-18 21:42:32,,,,,"Wijndomein uit het begin van de 19de eeuw, nu eigendom van Patrick Barrière. 
Groot 8 ha, gunstig gelegen op een zonnig plateau met goed terroir wat zorgt 
voor een goede beworteling van de wijnstokken. Samenstelling: merlot 60%, cabernet sauvignon 40%.
",,,1,,,,inner,,,,,,,,Château Saint-Thibeaud - Bordeaux Rosé,,,Block after Info Column,,5.95,,"Elegant van structuur, fris en lichtkruidig. Geen zware rosé maar erg toegankelijk en makkelijk te drinken. Geschikt als aperitief maar ook verfrissend op recepties of zomaar op een zonnig terras.",,,,,,1,2,1,,,,,4,75,75,72,72,0,1,0,0,1,1,1,1,1,0,,1,1,0,0,1,0,1,0,0,,,,,,,,,,,,,,,,,,,,"Merlot, Cabernet Sauvignon",2010,Frankrijk,Rosé,Bordeaux,Bordeaux,Château Saint-Thibeaud,,Op dronk,Licht en fruitig,,,simple,1,test in depth,,base
33,default,Wijnen,simple,Wijnen,Root Catalog,base,3,2014-02-18 21:42:32,,,,,"In de zuidelijke Rhône maar dan wat meer naar het Oosten op de hellingen van de Mont Ventoux liggen de wijngaarden van de Côtes-du-Ventoux. Pierre Rougon, een veeleisende en creatieve wijnmaker, maakt hier van grenache en syrah en in de verkoeling van de Mont Ventoux deze soepele, ronde en fruitige wijn. Gouden medaille op het Concours des Vins in Orange.",,,1,,,,inner,,,,,,,,Domaine de la Tour Rocan,,,Block after Info Column,,5.95,,"Op de hellingen van de Mont Ventoux liggen de wijngaarden van Pierre Rougon, een veeleisende en creatieve wijnmaker. Hij maakt hier van grenache en syrah deze soepele, ronde en fruitige wijn.",,,,,,1,2,,1,,,,4,75,,75,48,48,0,1,0,0,1,1,1,0,1,0,,1,1,0,0,1,0,1,0,0,,,,,,,,,,,,,,,,,,,"Grenache, Syrah",2011,Frankrijk,Rood,Côtes du Rhône,Ventoux,Domaine de la Tour Rocan,,Op dronk,Vol en soepel,,,simple,1,test in depth,,base
34,default,Wijnen,simple,Wijnen,Root Catalog,base,3,2014-02-18 21:42:32,,,,,"Toegankelijke rode Chartron la Fleur. Neus van bessen en klein donker fruit; in de mond fris fruitig, met soepele tannines en een vleugje vanille door de gedeeltelijke opvoeding op houten vaten. Samenstelling: 70% merlot, 30% cabernet sauvignon. Combineert prima met voorgerechten, wit en rood vlees.", in de mond fris fruitig,,1,,,,inner,,,,,,,,Chartron la Fleur,,,Block after Info Column,,5.95,,"Genoemd naar Quartier des Chartrons, het oude wijnhandelsdistrict in Bordeaux. Lekker toegankelijke rode Bordeaux, rond en fruitig met een vleugje vanille door de gedeeltelijke opvoeding op houten vaten.",,,,,,1,2,2,,1,,,4,75,75,,75,102,102,0,1,0,0,1,1,1,0,1,0,,1,1,0,0,1,0,1,0,0,,,,,,,,,,,,,,,,,,"Merlot, Cabernet Sauvignon",2010,Frankrijk,Rood,Bordeaux,Bordeaux,Schröder & Schyler,,Op dronk,Licht en fruitig,,,simple,1,test in depth,,base
35,default,Wijnen,simple,Wijnen,Root Catalog,base,3,2014-02-18 21:42:32,,,,,"Al jaren een bestseller in ons assortiment. Mooie, donkere, robijnrode kleur en een aangename neus met nuances van rijp zwart fruit en toast; in de mond soepel en fruitig met tonen van cassis en bessen en jonge, zachte tannines. Een vleugje vanille verraadt een korte rijping op eiken.",,,1,,,,inner,,,,,,,,Château Lalène - Bordeaux Supérieur,,,Block after Info Column,,6.25,,"Topper uit ons Bordeaux huiswijnassortiment - lekker vol en donker van smaak zoals een goede Bordeaux hoort te zijn, en dat voor een zacht prijsje.",,,,,,1,2,1,,,,,4,75,75,228,228,0,1,0,0,1,1,1,1,1,0,,1,1,0,0,1,0,1,0,0,,,,,,,,,,,,,,,,,,,,"Merlot, Cabernet Sauvignon",2010,Frankrijk,Rood,Bordeaux,Bordeaux Supérieur,Château Lalène,,"Op dronk, zeker 5 jaar op te leggen",Vol en soepel,,,simple,1,test in depth,,base
36,default,Wijnen,simple,Wijnen,Root Catalog,base,3,2014-02-18 21:42:32,,,,,"Mondvullend en rijk, fruitig met milde zuren en lichtdroog. Past goed bij bijna alle gerechten vis, gevogelte, wit vlees maar ook schelpdieren, koude vleesbuffetten en niet te vergeten “De Asperge”.  Vanouds de Zwaan betrekt haar Elzaswijnen al jaren van het wijnhuis Hubert Beck, een familiebedrijf dat al sinds 1596 actief is in de wijnbouw. Het is nu de twaalfde generatie van de familie Beck die voor topkwaliteit zorgt, opgebouwd en verkregen door eeuwenlange traditie en ervaring.",,,1,,,,inner,,,,,,,,Hubert Beck Pinot Blanc,,,Block after Info Column,,6.45,,"De populairste en meest bekende druivenvariëteit, ligt aan de oorsprong van zachte, verfijnde wijnen waarin frisheid en soepelheid samenkomen. De traditionele begeleider van “De Asperge”. ",,,,,,1,2,,1,,,,4,75,,75,168,168,0,1,0,0,1,1,1,0,1,0,,1,1,0,0,1,0,1,0,0,,,,,,,,,,,,,,,,,,,Pinot Blanc,2010,Frankrijk,Wit,Alsace,,Hubert Beck,,Op dronk,Licht en fruitig,,,simple,1,test in depth,,base
38,default,Wijnen,simple,Wijnen,Root Catalog,base,3,2014-02-18 21:42:32,,,,,"Côtes de Bourg ligt naast Côtes de Blaye aan de overzijde van de Gironde ten opzichte van de Médoc. De wijnbouwtraditie gaat hier al lange tijd terug, en op Château Côtes de Bellevue wordt dan ook een goede all-round rode wijn gemaakt waarin rood fruit en een vleugje kruidigheid mooi in balans zijn.",,,1,,,,inner,,,,,,,,Château Côtes de Bellevue - Côtes de Bourg,,,Block after Info Column,,6.55,,"Een ronde, fruitige Bordeaux met aangename tannines. Combineert goed met gevogelte.",,,,,,1,2,1,,,,,4,75,75,30,30,0,1,0,0,1,1,1,1,1,0,,1,1,0,0,1,0,1,0,0,,,,,,,,,,,,,,,,,,,,"Merlot, Cabernet Sauvignon",2008,Frankrijk,Rood,Bordeaux,Côtes de Bourg,Château Côtes de Bellevue,,Op dronk,Licht en fruitig,,,simple,1,test in depth,,base
39,default,Wijnen,simple,Wijnen,Root Catalog,base,3,2014-02-18 21:42:32,,,,,"Mooi gestructureerde rode Bordeaux met rode en zwarte bessen, een vleugje kruiden en eikenhout. Lekker bij pluimwild, kalfsvlees en kaas.",,,1,,,,inner,,,,,,,,Château Portillon,,,Block after Info Column,,6.65,,"Mooi gestructureerde rode Bordeaux met rode en zwarte bessen, een vleugje kruiden en eikenhout. Lekker bij pluimwild, kalfsvlees en kaas.",,,,,,1,2,,1,,,,4,75,,75,24,24,0,1,0,0,1,1,1,0,1,0,,1,1,0,0,1,0,1,0,0,,,,,,,,,,,,,,,,,,,"Merlot, Cabernet Sauvignon",2010,Frankrijk,Rood,Bordeaux,Bordeaux,Château Portillon,,Op dronk,Vol en soepel,,,simple,1,test in depth,,base
40,default,Wijnen,simple,Wijnen,Root Catalog,base,3,2014-02-18 21:42:32,,,,,"Château Grenet 2010, Médaille d’Or Paris 2011 - Château De la Lambertie 2008, Medaille d’Or Paris 2009 - Château Lers Loumede 2008, Premieres Côtes de Blaye - Château Les Arqueys 2010 - Château Portillon 2010, Medaille d’Argent Paris 2011
- Château Côtes de Bellevue 2008 - Côtes de Bourg
",,,1,,,,inner,,,,,,,,"Proefdoos ""Betaalbaar Bordeaux""",,,Block after Info Column,,0,,"Bezuinigingen, aanhoudende economische crisis…wij helpen u graag aan een betaalbare ‘gewone’ Bordeaux. Deze proefdoos bestaat uit 6 verschillende goede Bordeauxwijnen voor een kleine prijs.",,,,,,1,2,1,,,,,4,75,75, -   , -   ,0,1,0,0,1,1,1,1,1,0,,1,1,0,0,1,0,1,0,0,,,,,,,,,,,,,,,,,,,,"Merlot, Cabernet Sauvignon",2008,Frankrijk,Rood,Bordeaux,Bordeaux,Vanouds de Zwaan,,Op dronk,Vol en soepel,,,simple,1,test in depth,,base
42,default,Wijnen,simple,Wijnen,Root Catalog,base,3,2014-02-18 21:42:32,,,,,"De zeer goede ligging van dit kleine wijngoed (slechts 5ha) en de uitstekende kwaliteit van haar wijnen was Alain Lancerau van Château Bellevue Gazin al opgevallen. Onder zijn hoede is die kwaliteit nog meer verbeterd en is er aandacht gegeven aan de presentatie. Het château kijkt uit over de Gironde in Blaye. De wijnen worden op eiken vaten gelagerd en zijn vol en geconcentreerd, met een goede prijs/kwaliteit verhouding.",,,1,,,,inner,,,,,,,,Château Lers Loumède - Premières Côtes de Blaye,,,Block after Info Column,,6.85,,"Een stevige rode Bordeaux met donker fruit, zoethout en een vleugje geroosterde koffie. Lekker bij geroosterd vlees.",,,,,,1,2,1,,,,,4,75,75,30,30,0,1,0,0,1,1,1,1,1,0,,1,1,0,0,1,0,1,0,0,,,,,,,,,,,,,,,,,,,,"Merlot, Cabernet Sauvignon",2008,Frankrijk,Rood,Bordeaux,Côtes de Blaye,Château Lers Loumède,,Op dronk,Krachtig en complex,,,simple,1,test in depth,,base
44,default,Wijnen,simple,Wijnen,Root Catalog,base,3,2014-02-18 21:42:32,,,,,"Mooi, licht goudgeel van kleur, complex, rijk en geurig met een intense, volle en krachtige smaak. Tonen van rijpe perziken en abrikozen met een tintje kruidigheid.",,,1,,,,inner,,,,,,,,Alain Paret Pastourou,,,Block after Info Column,,6.85,,"Aangename droge witte wijn van 100% viognier, door Alain Paret geselecteerd uit de Pays d'Oc.",,,,,,1,2,1,,,,,4,75,75,120,120,0,1,0,0,1,1,1,1,1,0,,1,1,0,0,1,0,1,0,0,,,,,,,,,,,,,,,,,,,,Viognier,2011,Frankrijk,Wit,Pays d'Oc,,Alain Paret,,Op dronk,Licht en fruitig,,,simple,1,test in depth,,base
45,default,Wijnen,simple,Wijnen,Root Catalog,base,3,2014-02-18 21:42:32,,,,,"De Beaujolais is een schitterend wijngebied. Het bestaat uit een aaneenschakeling van prachtige groene heuvels, serene dalen en oer-oude dorpen met een echte Franse sfeer. De wijnranken beheersen het gebied dat doorsneden wordt door de rivieren de Rhône en de Saône.
De Beaujolais wijnen worden gemaakt, 'gevinifieerd', van de charmante en smaakvolle Gamay-druif (noir à jus blanc) - een zwarte druif met helder sap. Château des Maladrets ligt ten zuiden van Brouilly tegenover een steengroeve waar puur graniet gewonnen wordt. De wijngaarden hebben dan ook een ondergrond van graniet bedekt met kalkrijke klei. Claude Ratigner en zijn team maken hier een ambachtelijke en traditionele Beaujolais Villages. Altijd mooi gestructureerd en fruitig. En wat bijzonder is voor Beaujolais Villages: deels gerijpt op houten vaten. Kersenrood van kleur. Een haast bedwelmende volle neus met aroma’s van klein rood fruit. In de mond sappige bramen en rode bessen, veel finesse met zachte tannines en een elegante, mooi aanhoudende afdronk. Om jong te drinken, aanbevolen vóór 2015. ",,,1,,,,inner,,,,,,,,Beaujolais Villages Château des Maladrets,,,Block after Info Column,,6.95,,Château des Maladrets ligt tegenover een steengroeve waar puur graniet gewonnen wordt. Claude Ratigner en zijn team maken hier een ambachtelijke en traditionele Beaujolais Villages.,,,,,,1,2,,,,,,4,75, -   , -   ,0,1,0,0,1,1,1,0,1,0,,1,1,0,0,1,0,1,0,0,,,,,,,,,,,,,,,,,,,,,Gamay,2011,Frankrijk,Rood,Beaujolais,Beaujolais Villages,Château des Maladrets,,Op dronk,Licht en fruitig,,,simple,1,test in depth,,base
46,default,Wijnen,simple,Wijnen,Root Catalog,base,3,2014-02-18 21:42:32,,,,,"Château de Lugagnac dateert uit de 100-jarige oorlog en bestaat uit verschillende oude wijngaarden in het gebied waar de Dordogne en de Garonne samenkomen. Deze Bordeaux Supérieur uit 2009 is op het Concours de Bordeaux 2011 met een gouden medaille bekroond. De wijn is samengesteld uit 50% Merlot en 50% Cabernet Sauvignon en opgevoed op eiken vaten. Het resultaat is een aromatische, krachtige wijn met een goede structuur. Mooi fris, met nuances van bramen en pruimen en een vleugje kruidigheid in de afdronk. Heerlijk om nu al te drinken.",,,1,,,,inner,,,,,,,,Château Bellevue-Lugagnac - Bordeaux Supérieur,,,Block after Info Column,,6.95,,"Aromatische, krachtige wijn met een goede structuur. Mooi fris, met nuances van bramen en pruimen en een vleugje kruidigheid in de afdronk. 50% cabernet sauvignon, 50% merlot.",,,,,,1,2,,,1,,,4,75,,,75,198,198,0,1,0,0,1,1,1,0,1,0,,1,1,0,0,1,0,1,0,0,,,,,,,,,,,,,,,,,,"Merlot, Cabernet Sauvignon",2009,Frankrijk,Rood,Bordeaux,Bordeaux Supérieur,Château Bellevue-Lugagnac,,Op dronk,Vol en soepel,,,simple,1,test in depth,,base
47,default,Wijnen,simple,Wijnen,Root Catalog,base,3,2014-02-18 21:42:32,,,,,"Een mix van 70% Merlot, 20% Cabernet Sauvignon en 10% Cabernet Franc. Deze gouden medaille winnaar (Parijs 2011) beschikt over aangename aroma's van pruimen, bessen en kersen met een vleugje thee. Het is een droge, vrij stevige wijn met aroma's van cassis en wilde bramen en een vleugje eiken. Aanbevolen om 1 tot 2 uur te decanteren.",,,1,,,,inner,,,,,,,,Château de la Lambertie,,,Block after Info Column,,6.95,,"Rode wijn in de stijl van een klassieke Bordeaux, droog en stevig met tannines, cassisfruit, wilde bramen en een vleugje eiken. Lekker bij biefstuk en kalfsvlees.",,,,,,1,2,,,1,,,4,75,,,75,30,30,0,1,0,0,1,1,1,0,1,0,,1,1,0,0,1,0,1,0,0,,,,,,,,,,,,,,,,,,"Merlot, Cabernet Sauvignon, Cabernet Franc",2008,Frankrijk,Rood,Bordeaux,Bordeaux,Château de la Lambertie,,Op dronk,Vol en soepel,,,simple,1,test in depth,,base
48,default,Wijnen,simple,Wijnen,Root Catalog,base,3,2014-02-18 21:42:32,,,,,"Een elegante en intense wijn met aroma's van cassis en zwarte kersen met een peperige toets. Volop fruit in de mond, nuances van bramen en zoethout. Rond en krachtig, goed te combineren met bijvoorbeeld wildgerechten.",,,1,,,,inner,,,,,,,,Château Grenet,,,Block after Info Column,,6.95,,"Een ronde, krachtige rode Bordeaux met volop donker fruit, een vleugje peper en een verrassende frisheid. Gouden medaille op het wijnconcours in Parijs 2011.",,,,,,1,2,,1,,,,4,75,,75,24,24,0,1,0,0,1,1,1,0,1,0,,1,1,0,0,1,0,1,0,0,,,,,,,,,,,,,,,,,,,"Merlot, Cabernet Sauvignon",2010,Frankrijk,Rood,Bordeaux,Bordeaux,Château Grenet,,Op dronk,Vol en soepel,,,simple,1,test in depth,,base
49,default,Wijnen,simple,Wijnen,Root Catalog,base,3,2014-02-18 21:42:32,,,,,"Domaine Matray is al vijf generaties een familiebedrijf, gelegen in Juliénas. Naast verschillende cru's wordt hier ook een Beaujolais rosé gemaakt, uiteraard van de gamay druif. Elegant, levendig en fruitig.",,,1,,,,inner,,,,,,,,Domaine Matray Beaujolais Rosé,,,Block after Info Column,,6.95,,Alle rode wijnen uit de Beaujolais zijn gemaakt van de gamay noir à jus blanc, door het lichte sap kort met de schil in contact te brengen maak je daar ook een fruitige rosé van.,,,,,1,2,,2,,,,4,75,,75,18,18,0,1,0,0,1,1,1,1,1,0,,1,1,0,0,1,0,1,0,0,,,,,,,,,,,,,,,,,,,Gamay,2011,Frankrijk,Rosé,Beaujolais,Beaujolais Villages,Domaine Matray,,,Op dronk,Licht en fruitig,,simple,1,test in depth,,base
50,default,Wijnen,simple,Wijnen,Root Catalog,base,3,2014-02-18 21:42:32,,,,,"Karaktervol en droog. Past goed bij vis en schaaldieren, wit vlees of gevogelte en niet te vergeten de specialiteit uit de Elzas “Zuurkool”. Nu al mooi op dronk maar ook geschikt om nog enkele jaren te “ouderen”. Vanouds de Zwaan betrekt haar Elzaswijnen al jaren van het wijnhuis Hubert Beck, een familiebedrijf dat al sinds 1596 actief is in de wijnbouw. Het is nu de twaalfde generatie van de familie Beck die voor topkwaliteit zorgt, opgebouwd en verkregen door eeuwenlange traditie en ervaring.",,,1,,,,inner,,,,,,,,Hubert Beck Riesling,,,Block after Info Column,,6.95,,"Er is geen druif die zo in staat is om terroirnuances tot uitdrukking te brengen als de riesling. Een droge wijn met frisse zuren, goed uitkomende mineraliteit en florale tonen.",,,,,,1,2,1,,,,,4,75,75, -   , -   ,0,1,0,0,1,1,1,1,1,0,,1,1,0,0,1,0,1,0,0,,,,,,,,,,,,,,,,,,,,Riesling,2011,Frankrijk,Wit,Alsace,,Hubert Beck,,Op dronk,Fris en droog,,,simple,1,test in depth,,base
51,default,Wijnen,simple,Wijnen,Root Catalog,base,3,2014-02-18 21:42:32,,,,,"Een rijk bouquet van zwarte bessen met een vleugje leder. Soepel en rond in de mond. Goed geconcentreerd met een stevige structuur verkregen door houtrijping. Fruit en tannine perfect in balans. Een wijn van grote klasse. Ten minste houdbaar tot 2018. 89/100 punten van Wine Spectator. De wijngaarden van Alain Paret liggen in de Noordelijke Rhône op steile
hellingen. Het ruige landschap brengt met zich mee dat de wijngaarden op terrassen
liggen en daardoor klein zijn. Ze zijn veelal omgeven door mediterrane struiken die een ongerept bestaan leiden op de steile hellingen tussen deze plateaus, zoals wilde tijm,
laurier, rozemarijn, lavendel, mint en venkel. Dit is karakteristiek voor deze bodem en
deze kruidigheid vindt men dan ook terug in de wijn.
",,,1,,,,inner,,,,,,,,Alain Paret Valvigneyre Rouge,,,Block after Info Column,,6.95,,Een schitterende rode wijn uit de Noordelijke Rhône gemaakt van 100% syrah. Puur ambachtelijk en eerlijk bereid door Alain Paret.,,,,,,1,2,,,,,,4,75,246,246,0,1,0,0,1,1,1,0,1,0,,1,1,0,0,1,0,1,0,0,,,,,,,,,,,,,,,,,,,,,Syrah,2010,Frankrijk,Rood,Côtes du Rhône,,Alain Paret,,"Op dronk, zeker 5 jaar op te leggen",Krachtig en complex,,,simple,1,test in depth,,base
53,default,Wijnen,simple,Wijnen,Root Catalog,base,3,2014-02-18 21:42:32,,,,,"Muscat is een zeer aromatische druif die in de Elzas droge, licht zoete wijnen oplevert. Tonen van perzik, abrikozen en een vleugje mandarijn. Bij het drinken heeft men het gevoel in verse druiven te bijten. Uiterst geschikt om als aperitief te drinken. Past goed bij groenteschotels en asperges.Vanouds de Zwaan betrekt haar Elzaswijnen al jaren van het wijnhuis Hubert Beck, een familiebedrijf dat al sinds 1596 actief is in de wijnbouw. Het is nu de twaalfde generatie van de familie Beck die voor topkwaliteit zorgt, opgebouwd en verkregen door eeuwenlange traditie en ervaring.",,,1,,,,inner,,,,,,,,Hubert Beck Muscat,,,Block after Info Column,,7.25,,"Muscat is een bijzonder lastige en uiterst gevoelige druif en daarom maar weinig aangeplant. Hubert Beck maakt er een zeer verrassende frisse, enigszins zoete wijn van boordevol fruit.",,,,,,1,2,1,,,,,4,75,75, -   , -   ,0,1,0,0,1,1,1,1,1,0,,1,1,0,0,1,0,1,0,0,,,,,,,,,,,,,,,,,,,,Muscat,2011,Frankrijk,Wit,Alsace,,Hubert Beck,,Op dronk,"Weelderig, licht zoet",,,simple,1,test in depth,,base
55,default,Wijnen,simple,Wijnen,Root Catalog,base,3,2014-02-18 21:42:32,,,,,"De Alsace - in Nederland vaak geschreven als Elzas - is Frankrijks meest oostelijke wijngebied. Hier worden vooral witte wijnen gemaakt. De wijngaarden liggen in een smal, langgerekt lint op de oostelijke hellingen van de Vogezen. Alsace wijnen zijn complex en veelzijdig, van verfijnd frisdroog met een aangename, lichte zuurgraad tot aromatisch lichtzoet met een bijpassende lange finale. Hubert Beck maakt van pinot gris een weelderig zoete witte wijn die perfect past bij pastei, wild, wit vlees en geroosterd vlees.",,,1,,,,inner,,,,,,,,Hubert Beck Pinot Gris,,,Block after Info Column,,7.45,,"Een karaktervolle weelderige wijn, stevig en rond met een volle afdronk. Complexe aroma’s van rijp tropisch fruit, goede balans tussen zoet en zuur en een weelderige, licht kruidige afdronk.",,,,,,1,2,,,1,,,4,75,,,75,90,90,0,1,0,0,1,1,1,0,1,0,,1,1,0,0,1,0,1,0,0,,,,,,,,,,,,,,,,,,Pinot Gris,2011,Frankrijk,Wit,Alsace,,Hubert Beck,,Op dronk,Zoet en dessertwijn,,,simple,1,test in depth,,base
58,default,Wijnen,simple,Wijnen,Root Catalog,base,3,2014-02-18 21:42:32,,,,,"Een verrassende witte wijn gemaakt van de viognier, marsanne en roussanedruif. Helder lichtgeel van kleur met een verleidelijk bouquet van zacht fruit in combinatie met een lichte kruidigheid. Geurig, elegant en levendig van smaak met fijne vanilletonen en een heerlijke frisheid in de lange afdronk. Jong te drinken of nog enkele jaren op te leggen. De wijngaarden van Alain Paret liggen in de Noordelijke Rhône op steile
hellingen. Het ruige landschap brengt met zich mee dat de wijngaarden op terrassen
liggen en daardoor klein zijn. Ze zijn veelal omgeven door mediterrane struiken die een ongerept bestaan leiden op de steile hellingen tussen deze plateaus, zoals wilde tijm,
laurier, rozemarijn, lavendel, mint en venkel. Dit is karakteristiek voor deze bodem en
deze kruidigheid vindt men dan ook terug in de wijn.",,,1,,,,inner,,,,,,,,Alain Paret Valvigneyre Blanc,,,Block after Info Column,,7.5,,"Een verrassende droge witte wijn van voornamelijk viognier, een druif die 40 jaar geleden bijna was uitgestorven in de Rhône. Lekker bij pittige gerechten, bijvoorbeeld Thais.",,,,,,1,2,,1,,,,4,75,,75,120,120,0,1,0,0,1,1,1,0,1,0,,1,1,0,0,1,0,1,0,0,,,,,,,,,,,,,,,,,,,"Viognier, Marsanne, Roussane",2012,Frankrijk,Wit,Côtes du Rhône,,Alain Paret,,"Op dronk, enkele jaren op te leggen",Licht en fruitig,,,simple,1,test in depth,,base
59,default,Wijnen,simple,Wijnen,Root Catalog,base,3,2014-02-18 21:42:32,,,,,"De tijd dat uit de Entre-Deux-Mers alleen dunne en zure witte wijnen vandaan kwamen ligt al ver achter ons. Frisheid, geurigheid en evenwichtigheid typeren 
heden ten dage de goede droge witte wijnen met deze A.C. Het is een interessant gebied met mooie witte wijnen voor een redelijke prijs. La Rose du Pin heeft een stuivend bloemig bouquet, droog fris zurig in de mond met een smaak van groene appeltjes en een klein bittertje in de afdronk. Gemaakt van sauvignon blanc en sémillon.
",,,1,,,,inner,,,,,,,,Château La Rose du Pin - Entre-Deux-Mers,,,Block after Info Column,,7.55,,"Knisperend fris en droog, zo hoort een goede witte wijn uit Entre-Deux-Mers te zijn. Stuivend bloemig met een lekker bittertje in de afdronk.",,,,,,1,2,1,,,,,4,75,75,36,36,0,1,0,0,1,1,1,1,1,0,,1,1,0,0,1,0,1,0,0,,,,,,,,,,,,,,,,,,,,"Sauvignon Blanc, Sémillon",2011,Frankrijk,Wit,Bordeaux,Entre-deux-mers,Château La Rose du Pin,,Op dronk,Fris en droog,,,simple,1,test in depth,,base
61,default,Wijnen,simple,Wijnen,Root Catalog,base,3,2014-02-18 21:42:32,,,,,"De bodem in Blaye is over het algemeen erg vruchtbaar, met kalksteen en klei. De beste wijngaarden, waaronder ook die van Château Haut-Perdillot waar deze wijn gemaakt wordt, mogen de AOC Premières Côtes de Blaye voeren en produceren  soepele, fruitige, jong drinkbare wijnen met een bijzonder goede prijs-kwaliteit verhouding. Heldere, dieprode kleur. Intense neus van rode bessen en kreupelhout. In de mond zacht en goed gevuld, zoete kersen, een subtiele eikentoets en soepele tannines. Samenstelling: 75% merlot, 20% cabernet sauvignon en 5% malbec.",,,1,,,,inner,,,,,,,,Château La Croix de Cabut - Premières Côtes de Blaye,,,Block after Info Column,,7.95,,"Al lang voor de ontwikkeling van de wijnbouw in de Médoc werd er uit Blaye wijn verscheept. Een soepele, fruitige wijn met een bijzonder goede prijs/kwaliteit verhouding.",,,,,,1,2,1,,,,,4,75,75,168,168,0,1,0,0,1,1,1,1,1,0,,1,1,0,0,1,0,1,0,0,,,,,,,,,,,,,,,,,,,,"Merlot, Cabernet Sauvignon, Malbec",2009,Frankrijk,Rood,Bordeaux,Premières Côtes de Blaye,Château Haut-Perdillot,,Op dronk,Vol en soepel,,,simple,1,test in depth,,base
62,default,Wijnen,simple,Wijnen,Root Catalog,base,3,2014-02-18 21:42:32,,,,,"Deze witte Bordeaux is samengesteld uit sauvignon gris, sauvignon blanc en semillon. Aroma’s van honing en vuursteen, een vet mondgevoel en een explosie van frisheid.",,,1,,,,inner,,,,,,,,Château Tarreyrots - Bordeaux Blanc,,,Block after Info Column,,7.95,,"Bijzondere witte Bordeaux met sauvignon gris, een zelden gebruikte druif die deze witte wijn een lekker vet mondgevoel geeft en een explosie van frisheid.",,,,,,1,2,1,,,,,4,75,75,51,51,0,1,0,0,1,1,1,1,1,0,,1,1,0,0,1,0,1,0,0,,,,,,,,,,,,,,,,,,,,"Sauvignon Gris, Sauvignon Blanc, Sémillon",2010,Frankrijk,Wit,Bordeaux,Bordeaux,Château Tarreyrots,,Op dronk,Romig en elegant,,,simple,1,test in depth,,base
64,default,Wijnen,simple,Wijnen,Root Catalog,base,3,2014-02-18 21:42:32,,,,,"Royale en soepele wijn uit de zuidelijke Rhône gemaakt van 70% grenache,15% mourvèdre en 15% syrah. Mooi donkerrood van kleur. Een bouquet van rode en zwarte bessen met tonen van zoethout en specerijen. Lekker vol van smaak, maar wel met een zekere frisheid. Enigszins droppig in de lange afdronk. Nu reeds op dronk maar zeker enkele jaren op te leggen. Heerlijk bij mediterrane gerechten, stoofpot en wild. Vanouds de Zwaan is sinds 2012 de importeur van Cellier des Princes in Nederland. Al sinds 1924 zijn zij de enige coöperatieve wijnmaker in het Châteauneuf du Pape gebied.",,,1,,,,inner,,,,,,,,Côtes-du-Rhône Villages Cellier des Princes,,,Block after Info Column,,7.95,,"Het zuiden van het Rhônedal is de warmste streek van Frankrijk. Grenache kan hier een prachtige wijn opleveren, barstend van zoet fruit. Cellier des Princes maakt dat waar, in deze Villages en in de bekende Cru's",,,,,,1,2,,1,,,,4,75,,75,168,168,0,1,0,0,1,1,1,0,1,0,,1,1,0,0,1,0,1,0,0,,,,,,,,,,,,,,,,,,,"Grenache, Mourvèdre, Syrah",2010,Frankrijk,Rood,Côtes du Rhône,Côtes du Rhône Villages,Cellier des Princes,,"Op dronk, zeker 5 jaar op te leggen",Vol en soepel,,,simple,1,test in depth,,base
65,default,Wijnen,simple,Wijnen,Root Catalog,base,3,2014-02-18 21:42:32,,,,,"De gewurztraminer is een uiterst aromatische druif, laag in zuren en met een herkenbare kruidigheid. Een gewurztraminer is een goede witte bewaarwijn, waarbij de kruidigheid steeds nadrukkelijker wordt naarmate zijn leeftijd toeneemt. Vanouds de Zwaan betrekt haar Elzaswijnen al jaren van het wijnhuis Hubert Beck, een familiebedrijf dat al sinds 1596 actief is in de wijnbouw. Het is nu de twaalfde generatie van de familie Beck die voor topkwaliteit zorgt, opgebouwd en verkregen door eeuwenlange traditie en ervaring.
",,,1,,,,inner,,,,,,,,Hubert Beck Gewurztraminer,,,Block after Info Column,,7.95,,"Een stevige wijn met body. Krachtig en verleidelijk als hij is, zelfs tegen het zachte aan, kan hij prima als aperitief gedronken worden of bij exotische gerechten, stevige kazen of toetjes.",,,,,,1,2,,,1,,,4,75,,,75,222,222,0,1,0,0,1,1,1,0,1,0,,1,1,0,0,1,0,1,0,0,,,,,,,,,,,,,,,,,,Gewurztraminer,2011,Frankrijk,Wit,Alsace,,Hubert Beck,,Op dronk,"Weelderig, licht zoet",,,simple,1,test in depth,,base
70,default,Wijnen,simple,Wijnen,Root Catalog,base,3,2014-02-18 21:42:32,,,,,"Diep donkerrood van kleur. Een bouquet van klein zwart fruit, leder en kruiden.
Door het toevoegen van een beetje grenache komt het zwarte fruit van de syrah geuriger en fruitiger over. Dik, royaal en soepel in de mond met een stevige afdronk.
",,,1,,,,inner,,,,,,,,Alain Paret Côtes-du-Rhône Villages,,,Block after Info Column,,7.95,,"Een wijn van hoge kwaliteit uit de Zuidelijke Rhône speciaal geselecteerd door Alain Paret. Gemaakt van syrah en grenache, zes maanden gerijpt op eiken vaten.
",,,,,,1,2,,,,,,4,75,120,120,0,1,0,0,1,1,1,0,1,0,,1,1,0,0,1,0,1,0,0,,,,,,,,,,,,,,,,,,,,,"Syrah, Grenache",2011,Frankrijk,Rood,Côtes du Rhône,Côtes du Rhône Villages,Alain Paret,,"Op dronk, zeker 5 jaar op te leggen",Vol en soepel,,,simple,1,test in depth,,base
71,default,Wijnen,simple,Wijnen,Root Catalog,base,3,2014-02-18 21:42:32,,,,,"De bodem van Domaine de la Motte heeft een ondergrond van zeldzaam grijsblauw graniet waaruit ook de oudere huizen van het nabij gelegen dorp Saint Lager zijn opgetrokken. De bovenlaag is van vruchtbare kalkrijke klei. Er wordt een stevige Brouilly gemaakt met een gespierde opbouw. Maar liefst 2 sterren in de Guide Hachette 2013! Diep scharlakenrood van kleur. Een mooie Brouilly-stijl , zacht en fruitig dat doet denken aan frambozen en kersen. Goede zuren en smaaklengte zonder vervelende kantjes. Karaktervolle Brouilly om nu van te genieten. De Beaujolais wijnen worden gemaakt, 'gevinifieerd', van de charmante en smaakvolle Gamay-druif (noir à jus blanc) - een zwarte druif met helder sap. In het zuiden, de 'Bas Beaujolais', bestaat de grond uit een mengsel van klei en kalk, en dit levert een wijn op die jong gedronken moet worden. Het belang van het terroir mag men in de Beaujolais zeker niet onderschatten. Alle Cru’s van de Beaujolais komen dan ook uit het noorden van de streek, een gebied met golvende heuvels, arme granietbodems en een gunstig klimaat. Met de gamaydruif en het terroir heb je nog geen Beaujolais. De derde factor is de wijnmaker en daar is Vanouds de Zwaan zeer selectief in geweest.",,,1,,,,inner,,,,,,,,Brouilly Domaine de la Motte,,,Block after Info Column,,8.25,,"Aan de voet van de Mont Brouilly ligt Domaine de la Motte, een kleine wijngaard van 3 ha waar Laurent Charrion met volle overgave zijn druiven koestert. Zijn Brouilly kreeg maar liefst 2 sterren in de Guide Hachette 2013!",,,,,,1,2,1,,,,,4,75,75,90,90,0,1,0,0,1,1,1,1,1,0,,1,1,0,0,1,0,1,0,0,,,,,,,,,,,,,,,,,,,,Gamay,2010,Frankrijk,Rood,Beaujolais,Brouilly,Domaine de la Motte,,Op dronk,Vol en soepel,,,simple,1,test in depth,,base
73,default,Wijnen,simple,Wijnen,Root Catalog,base,3,2014-02-18 21:42:32,,,,,"Vanouds de Zwaan is de exclusieve importeur voor Nederland van het label L. Couturier Père et fils van het zeer gerenommeerde Bourgognehuis Corton-André in Aloxe-Corton. Dit wijnhuis is niet – zoals velen in de Bourgogne – alleen wijnhandel maar heeft ook verschillende mooie wijndomeinen in eigendom. Het team van wijnmakers, onder leiding van Ludivine Griveau, werkt nauw samen met de wijnboeren. Let scherp op goed, duurzaam werk in de wijngaard, en levert hoge kwaliteit door lage opbrengsten waardoor de individualiteit van het terroir behouden blijft. De Chardonnay is schitterend in het glas met een gouden gloed. Een neus met een verrukkelijk botertintje dat zo kenmerkend is voor een goede witte Bourgogne, aangevuld met fris citrusfruit en lichte honingtonen. In de mond een evenwichtige aanzet en een volle smaak van citrus en abrikoos met een vleugje caramel en een mineralige noot. De afdronk is slank en zeer zuiver. Heerlijk als aperitief en bij bijvoorbeeld een carpaccio van zalm met dille, coquilles of camembert.
De druiven komen voor 50% van de Côte de Beaune, met percelen in de gemeenten Meursault, Puligny en Chassagne. De rest komt van de Maconnais (45%) en Côte de Nuits (5%). De bodems zijn kalkhoudende klei met een stevige portie kalksteen voor de Maconnais en Côte de Nuits en nogal kleiachtige mergel aan de Côte de Beaune. ",,,1,,,,inner,,,,,,,,Bourgogne Chardonnay L. Couturier,,,Block after Info Column,,8.95,,"Zo moet het zijn. Een verrukkelijk botertintje dat zo kenmerkend is voor een goede witte Bourgogne, aangevuld met fris citrusfruit en lichte honingtonen. In de mond fris en zacht tegelijk.",,,,,,1,2,1,,,,,4,75,75,312,312,0,1,0,0,1,1,1,1,1,0,,1,1,0,0,1,0,1,0,0,,,,,,,,,,,,,,,,,,,,Chardonnay,2010,Frankrijk,Wit,Bourgogne,,Corton André,,Op dronk,Romig en elegant,,,simple,1,test in depth,,base
74,default,Wijnen,simple,Wijnen,Root Catalog,base,3,2014-02-18 21:42:32,,,,,"Fruitige neus met kersen, bramen en framboos aangevuld met kruidige, aardse tonen. Sappig en fruitig in de mond, met een perfecte balans tussen fruit, frisheid en soepele tannines.
Deze cuvée is samengesteld uit Pinot Noir afkomstig uit diverse wijngaarden in de Côte de Beaune, met name uit Aloxe-Corton, Ladoix, Savigny en Beaune. De bodems zijn allen rijk aan kalksteen en de wijnstokken hebben een gemiddelde leeftijd van 40 jaar. Vanouds de Zwaan is de exclusieve importeur voor Nederland van het label L. Couturier Père et fils van het zeer gerenommeerde Bourgognehuis Corton-André in Aloxe-Corton. Dit wijnhuis is niet – zoals velen in de Bourgogne – alleen wijnhandel maar heeft ook verschillende mooie wijndomeinen in eigendom. Het team van wijnmakers, onder leiding van Ludivine Griveau, werkt nauw samen met de wijnboeren. Let scherp op goed, duurzaam werk in de wijngaard, en levert hoge kwaliteit door lage opbrengsten waardoor de individualiteit van het terroir behouden blijft. 
",,,1,,,,inner,,,,,,,,Bourgogne Pinot Noir L. Couturier ,,,Block after Info Column,,8.95,,"Klassiek voorbeeld voor rode Bourgogne. Deze wijn gaat zeer goed samen met gevarieerde hors d'oeuvres, fijne vleeswaren, gevogelte, een gegrild stukje vlees, maar ook met een geitenkaasje.
",,,,,,1,2,,,,,,4,75,162,162,0,1,0,0,1,1,1,0,1,0,,1,1,0,0,1,0,1,0,0,,,,,,,,,,,,,,,,,,,,,Pinot Noir,2010,Frankrijk,Rood,Bourgogne,,Corton André,,Op dronk,Licht en fruitig,,,simple,1,test in depth,,base
75,default,Wijnen,simple,Wijnen,Root Catalog,base,3,2014-02-18 21:42:32,,,,,"Château de Respide is één van de oudste wijnchâteaux uit Graves, het gebied ten zuidoosten van de stad Bordeaux. De wijngaarden liggen langs de oevers van de Garonne.",,,1,,,,inner,,,,,,,,Château de Respide - Bordeaux Blanc,,,Block after Info Column,,8.95,,"Een droge witte wijn met volop geel, rijp fruit. Mondvullend zacht, fruitig en fris. Mooi bij vis als tong, forel.",,,,,,1,2,,,1,,,4,75,,,75,48,48,0,1,0,0,1,1,1,0,1,0,,1,1,0,0,1,0,1,0,0,,,,,,,,,,,,,,,,,,"Sauvignon Blanc, Sémillon",2010,Frankrijk,Wit,Bordeaux,Graves,Château de Respide,,Op dronk,Fris en droog,,,simple,1,test in depth,,base
76,default,Wijnen,simple,Wijnen,Root Catalog,base,3,2014-02-18 21:42:32,,,,,"Château de la Terrière  heeft een rijke historie en wordt al genoemd in oude kronieken uit de 13de eeuw. Is mooi gelegen met uitzicht op de Mont Brouilly waar ook haar wijngaarden liggen. Vanaf het jaar 1535 wordt er wijn gemaakt. De Fleurie is warmrood van kleur met paarse reflexen. Een fraai aroma van frambozen, rode bessen en een florale toets. Soepel en robuust en toch heel elegant met sappig rijp fruit van framboos, kruisbes en een tikje vanille omlijst met zachte tannines. De afdronk is fris en fruitig. Een typische Fleurie die nu op dronk is. De Beaujolais wijnen worden gemaakt, 'gevinifieerd', van de charmante en smaakvolle Gamay-druif (noir à jus blanc) - een zwarte druif met helder sap. In het zuiden, de 'Bas Beaujolais', bestaat de grond uit een mengsel van klei en kalk, en dit levert een wijn op die jong gedronken moet worden. Het belang van het terroir mag men in de Beaujolais zeker niet onderschatten. Alle Cru’s van de Beaujolais komen dan ook uit het noorden van de streek, een gebied met golvende heuvels, arme granietbodems en een gunstig klimaat. Met de gamaydruif en het terroir heb je nog geen Beaujolais. De derde factor is de wijnmaker en daar is Vanouds de Zwaan zeer selectief in geweest.
",,,1,,,,inner,,,,,,,,Fleurie - Château de la Terrière,,,Block after Info Column,,8.95,,"Fleurie is wellicht de bekendste Cru uit de Beaujolais. Komt van een kleine wijngaard van Château de la Terrière. Frambozen, bessen, een bloemetje - heerlijk.",,,,,,1,2,,1,,,,4,75,,75,168,168,0,1,0,0,1,1,1,0,1,0,,1,1,0,0,1,0,1,0,0,,,,,,,,,,,,,,,,,,,Gamay,2010,Frankrijk,Rood,Beaujolais,Fleurie,Château de la Terrière,,Op dronk,Licht en fruitig,,,simple,1,test in depth,,base
77,default,Wijnen,simple,Wijnen,Root Catalog,base,3,2014-02-18 21:42:32,,,,,"Mooie, stevige rode wijn van grenache, syrah en mourvèdre. Donker robijnrood van kleur. In de neus een combinatie van zwarte bessen, bramen en kersenaroma’s. Elegant, vol, stevig, goed gestructureerd met een fraaie balans tussen fruit en kruiden. Heerlijk bij zowel rood als wit vlees.",,,1,,,,inner,,,,,,,,Vacqueyras Font Sante,,,Block after Info Column,,9.5,,Het kleine broertje van Gigondas. Doordat er meer syrah in is gebruikt dan in de Gigondas scoort deze wijn meer op kracht en kruidigheid dan op fruit en structuur.,,,,,,1,2,,,,,,4,75,39,39,0,1,0,0,1,1,1,0,1,0,,1,1,0,0,1,0,1,0,0,,,,,,,,,,,,,,,,,,,,,"Grenache, Mourvèdre, Syrah
",2010,Frankrijk,Rood,Côtes du Rhône,Vacqueyras,Font Sante,,Op dronk,Vol en soepel,,,simple,1,test in depth,,base
78,default,Wijnen,simple,Wijnen,Root Catalog,base,3,2014-02-18 21:42:32,,,,,"Hubert Beck maakt zijn Grand Cru wijnen van de Frankstein wijngaarden rondom het stadje Dambach-la-Ville waar hij gevestigd is met zijn bedrijf. Zo ook deze intense, krachtige Riesling. Frisse zuren, florale tonen en - dankzij de granieten ondergrond van de Frankstein wijngaarden - een extra mooi mineralig accent. De benaming Alsace Grand Cru wordt alleen toegekend aan wijnen die voldoen aan een aantal kwaliteitscriteria als strikte gebiedsbegrenzing, laag rendement per hectare en speciale regels voor het bewerken van de wijngaard. Grands Crus d’Alsace zijn, mits goed bewaard, tenminste 10 jaar houdbaar. ",,,1,,,,inner,,,,,,,,Hubert Beck Riesling Grand Cru Frankstein,,,Block after Info Column,,9.75,,"Meesterlijk lichtzoete witte wijn, frisse zuren en florale tonen en de karakteristieke 'gout de petrol' die hoort bij een echt goede riesling.",,,,,,1,2,1,,,,,4,75,75,66,66,0,1,0,0,1,1,1,1,1,0,,1,1,0,0,1,0,1,0,0,,,,,,,,,,,,,,,,,,,,Riesling,2010,Frankrijk,Wit,Alsace,,Hubert Beck,Grand Cru,"Op dronk, tenminste 10 jaar houdbaar",Zoet en dessertwijn,,,simple,1,test in depth,,base
79,default,Wijnen,simple,Wijnen,Root Catalog,base,3,2014-02-18 21:42:32,,,,,"“Les Burdelines” ligt op een granieten plateau rijk aan mineralen en in het bijzonder aan mangaan. Mangaan is een karakteristiek en onmisbaar element in dit terroir voor een goede Moulin-à-Vent. Het geeft de wijn haar mooie kleur, concentratie en mineraliteit. De kleine druiven zorgen voor een wijn met een diepe kleur, veel aroma’s en stevige tannines. De opvoeding op houten vaten zorgt voor een soepele structuur. Donker robijnrood van kleur. Neus van gekonfijte zwarte bessenaroma’s met florale tonen. In de mond komt de complexiteit van het terroir goed tot uiting. Een subtiel pallet van herfstblad, braam, cacao en kruiden. Een stevige wijn, goed van opbouw en structuur. Is op dronk maar nog zeker enkele jaren op te leggen. De Beaujolais wijnen worden gemaakt, 'gevinifieerd', van de charmante en smaakvolle Gamay-druif (noir à jus blanc) - een zwarte druif met helder sap. In het zuiden, de 'Bas Beaujolais', bestaat de grond uit een mengsel van klei en kalk, en dit levert een wijn op die jong gedronken moet worden. Het belang van het terroir mag men in de Beaujolais zeker niet onderschatten. Alle Cru’s van de Beaujolais komen dan ook uit het noorden van de streek, een gebied met golvende heuvels, arme granietbodems en een gunstig klimaat. Met de gamaydruif en het terroir heb je nog geen Beaujolais. De derde factor is de wijnmaker en daar is Vanouds de Zwaan zeer selectief in geweest.

",,,1,,,,inner,,,,,,,,Moulin-à-Vent Domaine des Burdelines,,,Block after Info Column,,9.85,,"“Les Burdelines” is één van de 15 prestigieuze “climats” ofwel wijngaarden in Moulin-à-Vent. De wijngaard is slechts 1,2 hectare groot. Top Cru uit de Beaujolais met een mooie kleur, concentratie en mineraliteit.",,,,,,1,2,,1,,,,4,75,,75,60,60,0,1,0,0,1,1,1,0,1,0,,1,1,0,0,1,0,1,0,0,,,,,,,,,,,,,,,,,,,Gamay,2009,Frankrijk,Rood,Beaujolais,Moulin-à-Vent,Domaine Les Burdelines,,"Op dronk, zeker 5 jaar op te leggen",Krachtig en complex,,,simple,1,test in depth,,base
80,default,Wijnen,simple,Wijnen,Root Catalog,base,3,2014-02-18 21:42:32,,,,,"Donker fruit en een mooi fris-fruitige neus met een mineralige toets en een vleugje hout; in de mond kersen, geconfijt fruit en een heerlijk droppige afdronk. Op eiken gerijpt. Samenstelling: 80% merlot, 10% cabernet sauvignon en 10% cabernet franc. Faure-Beauséjour is de tweede wijn van Château Beauséjour. Geleverd in originele houten kist van 6 flessen", in de mond kersen,,1,,,,inner,,,,,,,,Château Faure-Beauséjour - Fronsac,,,,,9.89,9.89,"De appellation Fronsac ligt zij aan zij met Saint-Émilion en Pomerol. Minder bekend dan zijn illustere buren, maar op kwaliteit doen de stevige, full-bodied wijnen van Fronsac zeker niet onder. ",,,,,,1,2,2,,1,,,4,75,75,,75,180,180,0,1,0,0,1,1,1,0,1,0,,1,1,0,0,1,0,1,0,0,,,,,,,,,,,,,,,,,,"Merlot, Cabernet Sauvignon, Cabernet Franc",2009,Frankrijk,Rood,Bordeaux,Fronsac,Château Beauséjour,,Op dronk,Vol en soepel,,,simple,1,test in depth,,base
82,default,Wijnen,simple,Wijnen,Root Catalog,base,3,2014-02-18 21:42:32,,,,,"Jean-Christophe Babe studeerde aan de Universiteit van Bordeaux, waar hij zijn thesis heeft geschreven over Edele Rotting; de botrytis welke de Sauternes zo bijzonder maakt. Zijn wijngaarden, zo'n 13 hectare, liggen in de commune van Preignac in Sauternes. De gemiddelde leeftijd van de stokken is 30 jaar. De wijnen van Château Delmond, de tweede wijn van Château Laville, zijn echter gemaakt van de jongere stokken, wat een frissere, lichtere stijl wijnen oplevert zonder de complexiteit en volheid van een goede Sauternes te verliezen. Glinsterend goud van kleur. Intense en expressieve neus, met toetsen van honing, gekonfijte vruchten en sinaasappelmarmelade. In de mond is de wijn rond, vol en heerlijk zoet met een mooie balans in de frisse afdronk.",,,1,,,,inner,,,,,,,,Château Delmond - Sauternes,,,Block after Info Column,,9.95,,"Deze dessertwijn van handgeplukte druiven is rond, vol en heerlijk zoet maar wel met een verrassende frisheid in de afdronk. Heerlijk bij kaasplank, dessert of foie gras.",,,,,,1,2,,1,,,,4,37.5,,37.5,66,66,0,1,0,0,1,1,1,0,1,0,,1,1,0,0,1,0,1,0,0,,,,,,,,,,,,,,,,,,,"Sauvignon Blanc, Sémillon",2007,Frankrijk,Wit,Bordeaux,Sauternes,Château Laville,,"Op dronk, zeker 5 jaar op te leggen",Zoet en dessertwijn,,,simple,1,test in depth,,base
83,default,Wijnen,simple,Wijnen,Root Catalog,base,3,2014-02-18 21:42:32,,,,,"Rondom het befaamde Saint-Émilion liggen een aantal wijngebieden die ook wel de sattelieten van Saint-Émilion genoemd worden. Montagne Saint-Émilion is er daar één van, en in deze appellation ligt Château Négrit. Het terroir in deze appellation is vergelijkbaar met de kalkrijke grond van Saint-Émilion. Van de merlot druif worden hier gulle, volle rode wijnen gemaakt die prima combineren bij stevige vleesgerechten, stoofpotjes en wild.",,,1,,,,inner,,,,,,,,Château Négrit - Montagne Saint-Émilion,,,Block after Info Column,,9.95,,"Een gulle, volle wijn in de karakteristieke Saint-Émilion stijl. Mooie impressies van rode bessen en kersen, soepel en rond.",,,,,,1,2,,1,,,,4,75,,75,36,36,0,1,0,0,1,1,1,0,1,0,,1,1,0,0,1,0,1,0,0,,,,,,,,,,,,,,,,,,,Merlot,2009,Frankrijk,Rood,Bordeaux,Montagne Saint-Émilion,Château Négrit 2009,,Op dronk,Vol en soepel,,,simple,1,test in depth,,base
84,default,Wijnen,simple,Wijnen,Root Catalog,base,3,2014-02-18 21:42:32,,,,,"Tweede wijn van Château Donissan, Cru Bourgeois. Groot landgoed van 200 ha maar met slechts 10 ha wijngaard. Bewuste keus van de familie Laporte die met 300 jaar ervaring in wijn maken kwaliteit boven kwantiteit kiest. Een fris bouquet van kersen met nuances van tabaksblad en munt; vol van smaak, zwarte bessen met een vleugje menthol en pruim, en zachte tannines – uitstekend in balans. Op eiken gerijpt. Nu al op dronk maar nog zeker 5 jaar op te leggen.",,,1,,,,inner,,,,,,,,Château Veyrin - Listrac Médoc,,,Block after Info Column,,9.95,,"Een topwijn uit de Médoc van de familie Laporte - 300 jaar ervaring in wijn maken! Vol van smaak, fruitig en zacht, mede dankzij de houtrijping.",,,,,,1,2,,1,,,,4,75,,75,120,120,0,1,0,0,1,1,1,0,1,0,,1,1,0,0,1,0,1,0,0,,,,,,,,,,,,,,,,,,,"Merlot, Cabernet Sauvignon, Petit Verdot",2010,Frankrijk,Rood,Bordeaux,Listrac-Médoc,Château Donissan,,"Op dronk, zeker 5 jaar op te leggen",Vol en soepel,,,simple,1,test in depth,,base
85,default,Wijnen,simple,Wijnen,Root Catalog,base,3,2014-02-18 21:42:32,,,,,"Van de Frankstein Grand Cru wijngaarden komt deze weelderige, volle Pinot Gris met een krachtige structuur en een lange afdronk. Complexe aroma's van rijp tropisch fruit, goede balans tussen zoet en zuur, stevig en rond met een volle afdronk. De granieten ondergrond van de Frankstein wijngaarden geeft de wijn een mooi mineralig accent. De benaming Alsace Grand Cru wordt alleen toegekend aan wijnen die voldoen aan een aantal kwaliteitscriteria als strikte gebiedsbegrenzing, laag rendement per hectare en speciale regels voor het bewerken van de wijngaard. Grands Crus d’Alsace zijn, mits goed bewaard, tenminste 10 jaar houdbaar. ",,,1,,,,inner,,,,,,,,Hubert Beck Pinot Gris Grand Cru Frankstein,,,Block after Info Column,,9.95,,"Meesterlijk zoete witte wijn, rijp tropisch fruit, stevig en rond. Hubert Beck maakt zijn Grand Cru wijnen van de Frankstein wijngaarden rondom het stadje Dambach-la-Ville.",,,,,,1,2,,1,,,,4,75,,75,54,54,0,1,0,0,1,1,1,0,1,0,,1,1,0,0,1,0,1,0,0,,,,,,,,,,,,,,,,,,,Pinot Gris,2010,Frankrijk,Wit,Alsace,,Hubert Beck,Grand Cru,"Op dronk, tenminste 10 jaar houdbaar",Zoet en dessertwijn,,,simple,1,test in depth,,base
86,default,Wijnen,simple,Wijnen,Root Catalog,base,3,2014-02-18 21:42:32,,,,,"Al vier generaties wordt er door de familie Pollier wijn gemaakt op de steile hellingen in het dorpje Fuissé. Op de 10ha van het domein wordt op traditionele wijze wijn geproduceerd. Daniel Pollier gebruikt niet al te veel eiken, waardoor de rijke fruitsmaken van de wijn goed naar voren komen.",,,1,,,,inner,,,,,,,,Saint Veran Domaine Pollier,,,Block after Info Column,,10.65,,"Traditionele chardonnay uit de Bourgogne, krachtig en vol, zacht en romig met aroma's van perzik, peer, bloemen, amandel en een vleugje vuursteen.",,,,,,1,2,,,,,,4,75,,,,,75,1,1,0,1,0,1,1,1,1,0,1,0,,1,1,0,0,1,0,1,0,0,,,,,,,,,,,,,,,,Chardonnay,2010,Frankrijk,Wit,Bourgogne,Saint Veran,Domaine Pollier,,Op dronk,Romig en elegant,,,simple,1,test in depth,,base
87,default,Wijnen,simple,Wijnen,Root Catalog,base,3,2014-02-18 21:42:32,,,,,"Een karakteristieke rode Bordeaux. Mooi donker robijnrood van kleur, aroma’s van rijp zwart fruit, fris en elegant, met een zachte maar ook frisse afdronk. Samenstelling: merlot 60%, cabernet sauvignon 20%, cabernet franc 10% en malbec 10%. 
",,,1,,,,inner,,,,,,,,Château Marjosse,,,Block after Info Column,,10.75,,"Château Marjosse is in 1997 gekocht door Pierre Lurton, onder meer directeur van Château Cheval Blanc in Saint-Émilion. In slechts enkele jaren heeft hij met de wijnen van Marjosse veel erkenning verdiend.",,,,,,1,2,1,,,,,4,75,75,2,2,0,1,0,0,1,1,1,1,1,0,,1,1,0,0,1,0,1,0,0,,,,,,,,,,,,,,,,,,,,"Merlot, Cabernet Sauvignon, Cabernet Franc, Malbec",2006,Frankrijk,Rood,Bordeaux,Bordeaux,Château Marjosse,,Op dronk,Licht en fruitig,,,simple,1,test in depth,,base
88,default,Wijnen,simple,Wijnen,Root Catalog,base,3,2014-02-18 21:42:32,,,,,"Van de Frankstein Grand Cru wijngaarden komt deze weelderige, volle Gewurztraminer met een krachtige structuur en een lange afdronk. Zeer aromatisch, lage zuurgraad en met een herkenbare kruidigheid. De granieten ondergrond van de Frankstein wijngaarden geeft de wijn een mooi mineralig accent. De benaming Alsace Grand Cru wordt alleen toegekend aan wijnen die voldoen aan een aantal kwaliteitscriteria als strikte gebiedsbegrenzing, laag rendement per hectare en speciale regels voor het bewerken van de wijngaard. Grands Crus d’Alsace zijn, mits goed bewaard, tenminste 10 jaar houdbaar. ",,,1,,,,inner,,,,,,,,Hubert Beck Gewurztraminer Grand Cru Frankstein,,,Block after Info Column,,10.75,,"Meesterlijk zoete witte wijn, intens aromatisch en kruidig. Hubert Beck maakt zijn Grand Cru wijnen van de Frankstein wijngaarden rondom het stadje Dambach-la-Ville, waar hij gevestigd is.",,,,,,1,2,,1,,,,4,75,,75,36,36,0,1,0,0,1,1,1,0,1,0,,1,1,0,0,1,0,1,0,0,,,,,,,,,,,,,,,,,,,Gewurztraminer,2010,Frankrijk,Wit,Alsace,,Hubert Beck,Grand Cru,"Op dronk, tenminste 10 jaar houdbaar",Zoet en dessertwijn,,,simple,1,test in depth,,base
89,default,Wijnen,simple,Wijnen,Root Catalog,base,3,2014-02-18 21:42:32,,,,,"Het Domaine de l'Orme ligt vlak buiten het stadje Chablis. Specifiek voor het gebied is de kalkrijke mergelbodem, die van essentieel belang is voor de Chablis. Chablis wordt gemaakt van 100% Chardonnay en deze druiven worden op dit Domaine nog met de hand geselecteerd. Een elegante Chablis. Rijke aroma's van witte bloemen, krijt en peer. Vol en zacht van smaak, karakteristiek mollig en mineralig. ",,,1,,,,inner,,,,,,,,Chablis Domaine de l'Orme,,,Block after Info Column,,10.95,,"Chablis, één van de bekendste wijnen uit de Bourgogne. Jonge, strakke droge wijn met een mooie mineraliteit dankzij de kalkrijke mergelbodem in dit gebied.",,,,,,1,2,,1,,,,4,75,,75,40,40,0,1,0,0,1,1,1,0,1,0,,1,1,0,0,1,0,1,0,0,,,,,,,,,,,,,,,,,,,Chardonnay,2010,Frankrijk,Wit,Bourgogne,Chablis,Domaine de l'Orme,,Op dronk,Fris en droog,,,simple,1,test in depth,,base
93,default,Wijnen,simple,Wijnen,Root Catalog,base,3,2014-02-18 21:42:32,,,,,"De Médoc is het centrum van excellente rode wijnen, echter sommige wijnhuizen houden er een kleine productie van witte wijnen op na. Château l’Heritier is afkomstig van een terroir van een zeer bekend wijnhuis uit de Margaux. Het is een cépage van sauvignon blanc en heeft 8 maanden op eiken vaten gerijpt. l’Heritier Blanc heeft een rijk geurend fruitbouquet met bescheiden vanilletonen en een vleugje citrusfruit. In de mond, zacht rijk en vol van smaak met verrassend fris fruit maar ook hazelnoot en boter. Een prachtige sauvignon blanc van hoge kwaliteit. Wordt op kist van 6 flessen geleverd.",,,1,,,,inner,,,,,,,,l'Héritier - Bordeaux Blanc,,,Block after Info Column,,11.75,,Witte wijnen uit de Médoc zijn een zeldzaamheid. Deze fraaie droge wijn komt uit de Margaux en wordt zeer gewaardeerd door liefhebbers van houtgerijpte witte wijn.,,,,,,1,2,,,,,,4,75,9,9,0,1,0,0,1,1,1,0,1,0,,1,1,0,0,1,0,1,0,0,,,,,,,,,,,,,,,,,,,,,Sauvignon Blanc,2009,Frankrijk,Wit,Bordeaux,Bordeaux,l'Héritier,,Op dronk,Romig en elegant,,,simple,1,test in depth,,base
94,default,Wijnen,simple,Wijnen,Root Catalog,base,3,2014-02-18 21:42:32,,,,,"Levendige en delicate mousserende wijn gemaakt van 80% Pinot Blanc en 20% Chardonnay. Expressieve neus met tonen van perzik. Een lichtvoetige, frisdroge parelende wijn met in de afdronk tonen van citrusfruit. Vanouds de Zwaan betrekt haar Elzaswijnen al jaren van het wijnhuis Hubert Beck, een familiebedrijf dat al sinds 1596 actief is in de wijnbouw.",,,1,,,,inner,,,,,,,,Hubert Beck Crémant d'Alsace Brut,,,Block after Info Column,,11.75,,"Crémant d’Alsace is stevig in opkomst, niet alleen in Frankrijk maar ook in Nederland. Goede vervanger voor champagne, feestelijk en erg lekker als aperitief. ",,,,,,1,2,,1,,,,4,75,,75,72,72,0,1,0,0,1,1,1,0,1,0,,1,1,0,0,1,0,1,0,0,,,,,,,,,,,,,,,,,,,"Pinot Blanc, Chardonnay",,Frankrijk,Mousserend,Alsace,,Hubert Beck,,Op dronk,Fris en droog,,,simple,1,test in depth,,base
95,default,Wijnen,simple,Wijnen,Root Catalog,base,3,2014-02-18 21:42:32,,,,,Deze witte wijn van de sauvignon blanc is zeer fris en aromatisch. De bijnaam 'fumé' vindt haar oorsprong in het grijze waas dat vaak in de wijngaard op de druiven te zien is. Het lijkt net of er wat as op de druiven zit.,,,1,,,,inner,,,,,,,,"Pouilly Fumé ""Les Matifets""",,,Block after Info Column,,11.95,,"In de Loire worden schitterende droge witte wijnen gemaakt van sauvignon blanc, fris als appeltjes en met een mooie minerale toets. De Pouilly Fumé heeft een wat hogere zuurgraad dan de Sancerre.",,,,,,1,2,1,,,,,4,75,75,21,21,0,1,0,0,1,1,1,1,1,0,,1,1,0,0,1,0,1,0,0,,,,,,,,,,,,,,,,,,,,Sauvignon Blanc,2010,Frankrijk,Wit,Loire,Pouilly Fumé,Patient Cottat,,Op dronk,Fris en droog,,,simple,1,test in depth,,base
97,default,Wijnen,simple,Wijnen,Root Catalog,base,3,2014-02-18 21:42:32,,,,,"Elegante witte Sancerre, aroma’s van sappige groene appelen, delicaat en intens. Sancerre is een van de bekendste wijngebieden van Frankrijk. Het gebied wordt gekenmerkt door een prachtig landschap van glooiende heuvels met een kalk- en kiezelhoudende bodem. De witte Sancerre wordt gemaakt van sauvignon blanc. Er wordt ook rode Sancerre gemaakt van pinot noir.

",,,1,,,,inner,,,,,,,,"Sancerre Blanc ""Les Chanvrières""",,,Block after Info Column,,11.95,,"Deze witte Sancerre is een schitterende droge witte wijn gemaakt van sauvignon blanc, fris als appeltjes en met een mooie minerale toets. Delicaat en intens.",,,,,,1,2,1,,,,,4,75,75,28,28,0,1,0,0,1,1,1,1,1,0,,1,1,0,0,1,0,1,0,0,,,,,,,,,,,,,,,,,,,,Sauvignon Blanc,2011,Frankrijk,Wit,Loire,Sancerre,Patient Cottat,,Op dronk,Fris en droog,,,simple,1,test in depth,,base
99,default,Wijnen,simple,Wijnen,Root Catalog,base,3,2014-02-18 21:42:32,,,,,"Diep en donker granaatrood van kleur. Een fraai fruitbouquet waarin rijpe pruimen en een vleugje leder de boventoon voeren. Krachtig en rond in de mond met een mooie, niet te zware structuur en soepele tannines. Kersen, pruimen, een aangename kruidigheid en indrukken van gedroogd fruit in de lange afdronk. Samenstelling: 80% grenache, 10% syrah. 10% mourvèdre. Vanouds de Zwaan is sinds 2012 de importeur van Cellier des Princes in Nederland. Al sinds 1924 zijn zij de enige coöperatieve wijnmaker in het Châteauneuf du Pape gebied.",,,1,,,,inner,,,,,,,,Gigondas Cellier des Princes,,,Block after Info Column,,12.85,,"Schitterende, krachtige wijn uit de Rhône die zich kan meten met Châteauneuf du Pape. Door Robert Parker gewaardeerd met 92 punten.",,,,,,1,2,1,,,,,4,75,75,42,42,0,1,0,0,1,1,1,1,1,0,,1,1,0,0,1,0,1,0,0,,,,,,,,,,,,,,,,,,,,"Grenache, Mourvèdre, Syrah",2009,Frankrijk,Rood,Côtes du Rhône,Gigondas,Cellier des Princes,,"Op dronk, tenminste houdbaar tot 2016",Krachtig en complex,,,simple,1,test in depth,,base
100,default,Wijnen,simple,Wijnen,Root Catalog,base,3,2014-02-18 21:42:32,,,,,"Tweede wijn van Château Camensac, één van de in 1855 geclassificeerde Grands Crus van de Médoc. Het Château ligt in de buurt van Saint Julien en heeft dan ook een duidelijke Saint Julien-achtige persoonlijkheid met veel fruit en soepelheid. Het wijnbereidingsteam van Camensac zoekt vooral naar fijne structuur en complexiteit, met daarbij ronde, zachte tannine.",,,1,,,,inner,,,,,,,,La Closerie de Camensac - Haut-Médoc,,,Block after Info Column,,14.95,,"Pittige wijn, helder en full-bodied; bouquet van rood en zwart fruit, in de mond tonen van mokka en pruimen. Een schitterende Bordeaux.",,,,,,1,2,2,,1,,,4,75,75,,75,4,4,0,1,0,0,1,1,1,0,1,0,,1,1,0,0,1,0,1,0,0,,,,,,,,,,,,,,,,,,"Cabernet Sauvignon, Merlot, Petit Verdot, Malbec",2008,Frankrijk,Rood,Bordeaux,Haut-Médoc,Château Camensac,Tweede wijn,"Op dronk, nog zeker 5 jaar op te leggen",Krachtig en complex,,,simple,1,test in depth,,base
101,default,Wijnen,simple,Wijnen,Root Catalog,base,3,2014-02-18 21:42:32,,,,,"Deze Saint Joseph heeft een volwassen syrah bouquet van cassis en frambozen, waarin met de jaren nuances van leer en zoethout naar voren komen. In de mond stevig en met volop warmzachte kruidigheid. Tenminste houdbaar tot 2020.",,,1,,,,inner,,,,,,,,Alain Paret Les Larmes du Père,,,Block after Info Column,,12.95,,"Een Grand Cru uit de noordelijke Rhône van Alain Paret, gemaakt van 100% syrah. Bijzonder krachtig, stevig en kruidig.",,,,,,1,2,,1,,,,4,75,,75,60,60,0,1,0,0,1,1,1,0,1,0,,1,1,0,0,1,0,1,0,0,,,,,,,,,,,,,,,,,,,Syrah,2011,Frankrijk,Rood,Côtes du Rhône,Saint Joseph,Alain Paret,Grand Cru,"Op dronk, tenminste houdbaar tot 2020",Krachtig en complex,,,simple,1,test in depth,,base
102,default,Wijnen,simple,Wijnen,Root Catalog,base,3,2014-02-18 21:42:32,,,,,"Donker robijn in het glas. Veel diepgang in de neus, zwarte bes, wilde aardbei, kaneel, zoethout en een vleugje vanille. In de mond mooi romig en vol, met rijp donker fruit, een vleugje chocolade en fluweelzachte tannines. De wijn heeft een indrukwekkende, rijke afdronk.
De Pinot Noir druiven voor deze wijn komen uit de wijngaarden bij Fixin en Brochon, van wijnstokken die tussen de 20 en 50 jaar oud zijn. De wijn heeft 15 maanden gerijpt op Franse eiken vaten. Vanouds de Zwaan is de exclusieve importeur voor Nederland van het label L. Couturier Père et fils van het zeer gerenommeerde Bourgognehuis Corton-André in Aloxe-Corton. Dit wijnhuis is niet – zoals velen in de Bourgogne – alleen wijnhandel maar heeft ook verschillende mooie wijndomeinen in eigendom. Het team van wijnmakers, onder leiding van Ludivine Griveau, werkt nauw samen met de wijnboeren. Let scherp op goed, duurzaam werk in de wijngaard, en levert hoge kwaliteit door lage opbrengsten waardoor de individualiteit van het terroir behouden blijft. 
",,,1,,,,inner,,,,,,,,Côtes de Nuits Villages L. Couturier,,,Block after Info Column,,13.95,,"Schitterende rode Bourgogne, 15 maanden gerijpt op Franse eiken vaten. Heerlijk bij biefstuk of andere vleesgerechten, en bij zachte (pittige) kaassoorten als Époisse of Reblochon.
",,,,,,1,2,,,,,,4,75,60,60,0,1,0,0,1,1,1,0,1,0,,1,1,0,0,1,0,1,0,0,,,,,,,,,,,,,,,,,,,,,Pinot Noir,2010,Frankrijk,Rood,Bourgogne,Côtes de Nuits Villages,Corton André,,"Op dronk, nog zeker 5 jaar op te leggen",Vol en soepel,,,simple,1,test in depth,,base
103,default,Wijnen,simple,Wijnen,Root Catalog,base,3,2014-02-18 21:42:32,,,,,"Chablis wordt gemaakt van 100% Chardonnay en deze druiven worden op dit Domaine nog met de hand geselecteerd. De beste druiven gaan in de premier cru - rijk, vet, ietwat mollig, zacht en mineralig; een krachtige wijn die al prima op dronk is maar gerust nog enkele jaren in de kelder kan rijpen.",,,1,,,,inner,,,,,,,,Chablis 1er Cru “Beauroy” Domaine de l'Orme,,,Block after Info Column,,13.95,,"Chablis, één van de bekendste wijnen uit de Bourgogne. Jonge, strakke droge wijn met een mooie mineraliteit uit de premier cru wijngaard ""Beauroy"".",,,,,,1,2,,,,,,4,75,14,14,0,1,0,0,1,1,1,0,1,0,,1,1,0,0,1,0,1,0,0,,,,,,,,,,,,,,,,,,,,,Chardonnay,2010,Frankrijk,Wit,Bourgogne,Chablis,Domaine de l'Orme,Premier Cru,"Op dronk, nog zeker enkele jaren op te leggen",Fris en droog,,,simple,1,test in depth,,base
106,default,Wijnen,simple,Wijnen,Root Catalog,base,3,2014-02-18 21:42:32,,,,,"Vrijwel iedere wijnstreek heeft wel een mousserende wijn. In Bordeaux is het echter vrij zeldzaam. Merlet maakt een fraaie Brut en Rosé volgens de méthode traditionelle. De productiemethode is daarmee gelijk aan die van de champagne en dan geldt: beter een goede Crémant dan een slechte Champagne. De druiven zijn uiteraard typisch Bordeaux: sauvignon blanc, sémillion en muscadelle.",,,1,,,,inner,,,,,,,,Crémant de Bordeaux Brut,,,Block after Info Column,,14.95,,Heerlijk droog en fris in de mond en met een verleidelijk zoetje in de afdronk. In de bijzonder fraaie fles overtreft deze mousserende wijn ieders verwachting!,,,,,,1,2,,,,,,4,75,72,72,0,1,0,0,1,1,1,0,1,0,,1,1,0,0,1,0,1,0,0,,,,,,,,,,,,,,,,,,,,,"Sauvignon Blanc, Sémillon, Muscadelle",,Frankrijk,Mousserend,Bordeaux,Bordeaux,Merlet,,Op dronk,Fris en droog,,,simple,1,test in depth,,base
107,default,Wijnen,simple,Wijnen,Root Catalog,base,3,2014-02-18 21:42:32,,,,,"Vrijwel iedere wijnstreek heeft wel een mousserende wijn. In Bordeaux is het echter vrij zeldzaam. Merlet maakt een fraaie Brut en Rosé volgens de méthode traditionelle. De productiemethode is daarmee gelijk aan die van de champagne en dan geldt: beter een goede Crémant dan een slechte Champagne. De druiven zijn uiteraard typisch Bordeaux: cabernet sauvignon en cabernet franc.
",,,1,,,,inner,,,,,,,,Crémant de Bordeaux Rosé,,,Block after Info Column,,14.95,,Heerlijk droog en fris in de mond en met een verleidelijk zoetje in de afdronk. In de bijzonder fraaie fles overtreft deze mousserende wijn ieders verwachting!,,,,,,1,2,,,,,,4,75,66,66,0,1,0,0,1,1,1,0,1,0,,1,1,0,0,1,0,1,0,0,,,,,,,,,,,,,,,,,,,,,"Cabernet Sauvignon, Cabernet Franc",,Frankrijk,Mousserend,Bordeaux,Bordeaux,Merlet,,Op dronk,Licht en fruitig,,,simple,1,test in depth,,base
108,default,Wijnen,simple,Wijnen,Root Catalog,base,3,2014-02-18 21:42:32,,,,,"Château Cantemerle staat bekend om zijn elegante, verfijnde wijnen – soms omschreven door wijnschrijvers als “Margaux stijl” – waarin cabernet sauvignon de boventoon voert. Sinds oogstjaar 2005 scoort Cantemerle louter topwaarderingen van de wijncritici. Deze tweede wijn wordt op dezelfde wijze gemaakt als zijn grote broer maar van de wat jongere wijnstokken op het château. Granaatrood van kleur. Een bouquet van rijp bosfruit met een vleugje zwarte bessen. Weelderig en verfijnd van smaak. Vol en  zacht in de mond met een vleugje vanille dankzij 12 maanden opvoeding op frans eiken. Een bijzonder aangename wijn die ook nog tenminste 5 jaar bewaard kan worden. Samenstelling: 61% cabernet sauvignon, 29% merlot, 10% cabernet franc. 
",,,1,,,,inner,,,,,,,,Les Allées de Cantemerle - Haut-Médoc,,,Block after Info Column,,16,,Deze tweede wijn van top Grand Cru château Cantemerle wordt op dezelfde wijze gemaakt als zijn grote broer maar van de wat jongere wijnstokken. Weelderig en verfijnde Bordeaux.,,,,,,1,2,,,,,,4,75,1,1,0,1,0,0,1,1,1,0,1,0,,1,1,0,0,1,0,1,0,0,,,,,,,,,,,,,,,,,,,,,"Cabernet Sauvignon, Merlot, Cabernet Franc",2009,Frankrijk,Rood,Bordeaux,Haut-Médoc,Château Cantemerle,Tweede wijn,"Begint op dronk te komen, nog zeker enkele jaren op te leggen",Vol en soepel,,,simple,1,test in depth,,base
109,default,Wijnen,simple,Wijnen,Root Catalog,base,3,2014-02-18 21:42:32,,,,,"Tweede wijn van Château Soutard, een top château uit Saint Émilion.",,,1,,,,inner,,,,,,,,Les Jardins de Soutard - Saint-Émilion Grand Cru,,,Block after Info Column,,14.95,,"Puur en elegant, heerlijk subtiel fruit, rokerig, zacht, kersen en een vleugje peperigheid. Vol, zacht en rond: genieten!",,,,,,1,2,,,,,,4,75,,,,,75,108,108,0,1,0,1,1,1,1,0,1,0,,1,1,0,0,1,0,1,0,0,,,,,,,,,,,,,,,,"Merlot, Cabernet Sauvignon",2007,Frankrijk,Rood,Bordeaux,Saint-Émilion Grand Cru,Château Soutard,Tweede wijn,"Op dronk, nog zeker enkele jaren op te leggen",Vol en soepel,,,simple,1,test in depth,,base
110,default,Wijnen,simple,Wijnen,Root Catalog,base,3,2014-02-18 21:42:32,,,,,"Rijke, mollige en intense wijn, heerlijk kruidig met prachtige tonen van rijp fruit. Op de 10ha van het Domaine Pollier wordt op traditionele wijze wijn geproduceerd. Daniel Pollier gebruikt niet al te veel eiken, waardoor de rijke fruitsmaken van de wijn goed naar voren komen.",,,1,,,,inner,,,,,,,,Pouilly Fuissé Vieilles Vignes Domaine Pollier,,,Block after Info Column,,14.95,,"Al vier generaties wordt er door de familie Pollier wijn gemaakt op de steile hellingen in het dorpje Fuissé. Van de oudste wijnstokken maken zij deze mollige, intense chardonnay.",,,,,,1,2,1,,,,,4,75,75,12,12,0,1,0,0,1,1,1,1,1,0,,1,1,0,0,1,0,1,0,0,,,,,,,,,,,,,,,,,,,,Chardonnay,2010,Frankrijk,Wit,Bourgogne,Pouilly Fuissé,Domaine Pollier,,Op dronk,Romig en elegant,,,simple,1,test in depth,,base
111,default,Wijnen,simple,Wijnen,Root Catalog,base,3,2014-02-18 21:42:32,,,,,"Een wijn met een magnifieke, robijnrode kleur met zwarte reflecties. Het bouquet vormt een gelukkig huwelijk tussen zwarte vruchten en pruimen en beregende bosgrond; in de mond is de wijn soepel en fruitig. Fantastische kwaliteit, heerlijk bij wild, rood vlees en kaas.",,,1,,,,inner,,,,,,,,Vieux Château Gachet - Lalande-de-Pomerol,,,Block after Info Column,,14.95,,"Lalande-de-Pomerol ligt op loopafstand van Pomerol, en deze schitterende wijn doet op kwaliteit niet onder voor de prestigieuze wijnen uit Pomerol. Vol, stevig en soepel.",,,,,,1,2,,1,,,,4,75,,75,78,78,0,1,0,0,1,1,1,0,1,0,,1,1,0,0,1,0,1,0,0,,,,,,,,,,,,,,,,,,,"Cabernet Sauvignon, Merlot, Cabernet Franc",2009,Frankrijk,Rood,Bordeaux,Lalande-de-Pomerol,Vieux Château Gachet,,"Op dronk, nog zeker enkele jaren op te leggen",Vol en soepel,,,simple,1,test in depth,,base
113,default,Wijnen,simple,Wijnen,Root Catalog,base,3,2014-02-18 21:42:32,,,,,"Deze Cru Bourgeois is genoemd naar Thérésia Cabarrus, die getrouwd was met Tallien, getuige op het huwelijk van Bonaparte en Josephine. Het domein is nu in handen van de familie Tereygeol die er een topwijn produceren. Goede ligging op de oevers van de Gironde en op een mooi terroir van gravel.
",,,1,,,,inner,,,,,,,,Château Pontoise Cabarrus - Haut-Médoc Cru Bourgeois,,,Block after Info Column,,15.75,,Een licht vleugje frisse pruim rondom het frisse zwarte fruit, de smaak is fris en levendig met een stevige afdronk.,,,,,1,2,,2,,,,4,75,,75,21,21,0,1,0,0,1,1,1,1,1,0,,1,1,0,0,1,0,1,0,0,,,,,,,,,,,,,,,,,,,"Cabernet Sauvignon, Merlot, Cabernet Franc, Petit Verdot",,2009,Frankrijk,Rood,Bordeaux,Haut-Médoc,Château Pontoise Cabarrus,Cru Bourgeois,"Op dronk, nog zeker enkele jaren op te leggen",Licht en fruitig,,simple,1,test in depth,,base
114,default,Wijnen,simple,Wijnen,Root Catalog,base,3,2014-02-18 21:42:32,,,,,"Interessante Médoc Cru Bourgeois met 90% merlot; heerlijk kruidig met nuances van pruimen en wild, fluwelen tannines, zwarte bessen en bramen, en bovenal een sappige frisheid in de lange afdronk.", heerlijk kruidig met nuances van pruimen en wild,,1,,,,inner,,,,,,,,Château Ducluzeau - Listrac-Médoc Cru Bourgeois,,,,,15.85,15.85,Heerlijk kruidige Cru Bourgeois met een sappige frisheid om van te watertanden.,,,,,,1,2,2,,,,,4,75,75,3,3,0,1,0,0,1,1,1,1,1,0,,1,1,0,0,1,0,1,0,0,,,,,,,,,,,,,,,,,,,,"Merlot, Cabernet Sauvignon",2006,Frankrijk,Rood,Bordeaux,Haut-Médoc,Château Ducluzeau,Cru Bourgeois,Op dronk,Licht en fruitig,,,simple,1,test in depth,,base
115,default,Wijnen,simple,Wijnen,Root Catalog,base,3,2014-02-18 21:42:32,,,,,"Château Lanessan is al sinds 1793 eigendom van dezelfde familie en produceert een wijn die bekend staat om zijn consistent opmerkelijke kwaliteit. Aroma's van milde vijgen en leer; in de mond pittige kersen, pruim en kweepeer naast prachtige kruiden. Vanwege de leeftijd moet men deze wijn de tijd geven om te ademen - ruim tevoren openen en eventueel karaferen.
",,,1,,,,inner,,,,,,,,Château Lanessan - Haut-Médoc Cru Bourgeois,,,Block after Info Column,,15.95,,"Een betaalbare Bordeaux op leeftijd, met aroma's van milde vijgen en leer; in de mond pittige kersen, pruim en kweepeer en een vleugje kruiden.",,,,,,1,2,2,,1,,,4,75,75,,75,18,18,0,1,0,0,1,1,1,0,1,0,,1,1,0,0,1,0,1,0,0,,,,,,,,,,,,,,,,,,"Cabernet Sauvignon, Merlot, Cabernet Franc, Petit Verdot",2001,Frankrijk,Rood,Bordeaux,Haut-Médoc,Château Lanessan,,Op dronk,Vol en soepel,,,simple,1,test in depth,,base
116,default,Wijnen,simple,Wijnen,Root Catalog,base,3,2014-02-18 21:42:32,,,,,"Glinsterend helder met een gouden gloed. Verfijnde bloemige neus met een vleugje perzik en honing. Vol, krachtig en zacht van smaak met een vleugje frisse appel in de lange, verfrissende finale. Samenstelling: 65% grenache blanc, 15% clairette, 5% bourboulenc en 5% roussanne. Lichte houtrijping. Vanouds de Zwaan is sinds 2012 de importeur van Cellier des Princes in Nederland. Al sinds 1924 zijn zij de enige coöperatieve wijnmaker in het Châteauneuf du Pape gebied.",,,1,,,,inner,,,,,,,,Châteauneuf du Pape Blanc - Cellier des Princes,,,Block after Info Column,,15.95,,"Bijzondere witte wijn van overwegend grenache blanc. Vol, krachtig en zacht van smaak met volop exotisch fruit. Ontdek deze wijn bij mediterrane gerechten.",,,,,,1,2,1,,,,,4,75,75,27,27,0,1,0,0,1,1,1,1,1,0,,1,1,0,0,1,0,1,0,0,,,,,,,,,,,,,,,,,,,,"Grenache Blanc, Clairette, Bourboulenc, Roussanne",2010,Frankrijk,Wit,Côtes du Rhône,Châteauneuf du Pape,Cellier des Princes,,Op dronk,"Weelderig, licht zoet",,,simple,1,test in depth,,base
117,default,Wijnen,simple,Wijnen,Root Catalog,base,3,2014-02-18 21:42:32,,,,,Tweede wijn van Château Brown.,,,1,,,,inner,,,,,,,,La Pommeraie de Brown - Pessac-Léognan,,,Block after Info Column,,15.95,,Mooi fruitige neus met met nuances van steenfruit en kruiden, vol en soepel met rode en zwarte bessen,,,,,1,2,,2,,,,4,75,,75,12,12,0,1,0,0,1,1,1,1,1,0,,1,1,0,0,1,0,1,0,0,,,,,,,,,,,,,,,,,,,"Cabernet Sauvignon, Merlot, Cabernet Franc, Petit Verdot",,2009,Frankrijk,Rood,Bordeaux,Pessac-Léognan,Château Brown,,"Op dronk, nog zeker enkele jaren op te leggen",Vol en soepel,,simple,1,test in depth,,base
118,default,Wijnen,simple,Wijnen,Root Catalog,base,3,2014-02-18 21:42:32,,,,,"Een wijn met een romige, mooie volle kleur, een kruidige neus met nuances van vanille, eikenhout en bramen; in de mond vol en soepel, volop bessen en licht droppig. Een zachte nadronk, vol van smaak met een licht zuurtje. ",,,1,,,,inner,,,,,,,,Château de Roquefort - Saint-Émilion Grand Cru,,,Block after Info Column,,17.65,,De tweede wijn van Château Tertre Daugay Grand Cru Classé. Een domein met een eeuwenoude geschiedenis en in handen van Comte de Malet Roquefort. ,,,,,,1,2,,,,,,4,75,36,36,0,1,0,0,1,1,1,0,1,0,,1,1,0,0,1,0,1,0,0,,,,,,,,,,,,,,,,,,,,,"Merlot, Cabernet Franc",2008,Frankrijk,Rood,Bordeaux,Saint-Émilion Grand Cru,Château Tertre Daugay,Tweede wijn,Op dronk,Vol en soepel,,,simple,1,test in depth,,base
119,default,Wijnen,simple,Wijnen,Root Catalog,base,3,2014-02-18 21:42:32,,,,,"Diep donkerrood van kleur. Expressieve neus met aroma's van rijp rood fruit met boeiende nuances van laurier, kaneel, leer en een vleugje munt. Dik, rijk en mondvullend met complexe indrukken van kersen en pruimen. Ondanks de jonge leeftijd al helemaal geen harde kantjes meer. Médaille d’Or Feminalise 2011 & Beaune 2011. Vanouds de Zwaan is sinds 2012 de importeur van Cellier des Princes in Nederland. Al sinds 1924 zijn zij de enige coöperatieve wijnmaker in het Châteauneuf du Pape gebied.",,,1,,,,inner,,,,,,,,Châteauneuf du Pape Rouge Cellier des Princes,,,Block after Info Column,,17.95,,"Schitterende cru uit de Rhône. Breedgeschouderde wijn, vol en krachtig, waarin de Provençaalse zomerzon opgeslagen lijkt te zijn. Verschillende gouden medailles op het palmares.",,,,,,1,2,,1,,,,4,75,,75,46,46,0,1,0,0,1,1,1,0,1,0,,1,1,0,0,1,0,1,0,0,,,,,,,,,,,,,,,,,,,"Grenache, Mourvèdre, Syrah",2010,Frankrijk,Rood,Côtes du Rhône,Châteauneuf du Pape,Cellier des Princes,,"Op dronk, tenminste houdbaar tot 2017",Krachtig en complex,,,simple,1,test in depth,,base
121,default,Wijnen,simple,Wijnen,Root Catalog,base,3,2014-02-18 21:42:32,,,,,"Mooie, donkerrode kleur met een neus van gedroogd fruit en natte bosgrond; in de mond romig en rond, met donker fruit en een fris zuurtje in de afdronk.

",,,1,,,,inner,,,,,,,,Château du Couvent - Pomerol,,,Block after Info Column,,18.6,,"Tweede wijn van Château Clos René. Dit domein van Pierre Lasserre en zijn kleinzoon Jean-Marie Garde produceert mooie kwaliteitswijnen, waar Robert Parker van zegt 'well-made, as usual'. ",,,,,,1,2,,1,,,,4,75,,75,15,15,0,1,0,0,1,1,1,0,1,0,,1,1,0,0,1,0,1,0,0,,,,,,,,,,,,,,,,,,,Merlot,2009,Frankrijk,Rood,Bordeaux,Pomerol,Château Clos René,,Op dronk,Vol en soepel,,,simple,1,test in depth,,base
122,default,Wijnen,simple,Wijnen,Root Catalog,base,3,2014-02-18 21:42:32,,,,,"Tweede wijn van Château Cantenac Brown – Troisième Grand Cru Classé. Gebouwd in de eerste helft van de negentiende eeuw en bekend om zijn elegante wijnen met een mooi bouquet en finesse, waarin de frisse en rijke natuur van Margaux is samengebracht met de charmante kwaliteiten van Saint Julien.",,,1,,,,inner,,,,,,,,Brio de Cantenac Brown - Margaux,,,Block after Info Column,,18.85,,Fraaie neus van zwart fruit met een vleugje getoast brood, de zachte kruidige inzet wordt gevolgd door een subtiel spel van soepele tannines en een mooie frisheid. Een heerlijke Margaux om nu al te drinken.,,,,,1,2,,2,,,,4,75,,75,15,15,0,1,0,0,1,1,1,1,1,0,,1,1,0,0,1,0,1,0,0,,,,,,,,,,,,,,,,,,,"Cabernet Sauvignon, Merlot, Cabernet Franc",2007,Frankrijk,Rood,Bordeaux,Margaux,Château Cantenac Brown,,Tweede wijn,"Op dronk, nog zeker enkele jaren op te leggen",Vol en soepel,,simple,1,test in depth,,base
123,default,Wijnen,simple,Wijnen,Root Catalog,base,3,2014-02-18 21:42:32,,,,,"Château Phélan-Ségur is het werk van een Ierse ondernemer die zich in Saint-Estèphe heeft gevestigd - Frank Phélan. In deze tweede wijn die naar hem vernoemd is vinden we nuances van bosgrond, eiken, zwarte bessen en een vleugje aarde; hij is zacht en rond in de mond en heeft een verfijnde lange afdronk.
",,,1,,,,inner,,,,,,,,Frank Phélan - Saint Estèphe,,,Block after Info Column,,19.5,,"Frank Phélan is niet alleen een schitterende Saint Estèphe, maar ook de naam van een opmerkelijke wijnboer, een Ierse ondernemer die zich in Saint-Estèphe heeft gevestigd.",,,,,,1,2,,1,,,,4,75,,75,24,24,0,1,0,0,1,1,1,0,1,0,,1,1,0,0,1,0,1,0,0,,,,,,,,,,,,,,,,,,,"Cabernet Sauvignon, Merlot, Cabernet Franc",2008,Frankrijk,Rood,Bordeaux,Saint Estèphe,Château Phélan-Ségur,Tweede wijn,"Op dronk, nog zeker enkele jaren op te leggen",Vol en soepel,,,simple,1,test in depth,,base
124,default,Wijnen,simple,Wijnen,Root Catalog,base,3,2014-02-18 21:42:32,,,,,"Mooie diep paarse kleur. Zuivere neus met aroma's van donker fruit. Veel concentratie in de smaak, soepel en aanhoudend. Goed evenwicht tussen fruit, tannine, lichte drop aroma’s en florale tonen. Samenstelling: 55% merlot, 25% cabernet sauvignon, 15% cabernet franc en 5% petit verdot. 15 maanden gerijpt op eiken vaten.",,,1,,,,inner,,,,,,,,Château Tour des Termes - Saint Estèphe,,,Block after Info Column,,18.95,,Al 5 generaties wordt er door de familie Anney een Cru Bourgeois gemaakt in Saint Estèphe die ons verrast door de zeer gunstige prijs/kwaliteitverhouding. ,,,,,,1,2,,,,,,4,75,12,12,0,1,0,0,1,1,1,0,1,0,,1,1,0,0,1,0,1,0,0,,,,,,,,,,,,,,,,,,,,,"Merlot, Cabernet Sauvignon, Cabernet Franc, Petit Verdot",2008,Frankrijk,Rood,Bordeaux,Saint Estèphe,Château Tour des Termes 2008,,"Op dronk, nog zeker enkele jaren op te leggen",Vol en soepel,,,simple,1,test in depth,,base
125,default,Wijnen,simple,Wijnen,Root Catalog,base,3,2014-02-18 21:42:32,,,,,Tweede wijn Château Suduiraut – Grand Cru Classé ,,,1,,,,inner,,,,,,,,Les Lions de Suduiraut - Sauternes,,,Block after Info Column,,19.85,,"Mooi frisse en fruitige dessertwijn, mooi zoet dankzij de ‘edele rotting’ maar met minder restsuiker dan gebruikelijk.",,,,,,1,2,1,,,,,4,75,75,6,6,0,1,0,0,1,1,1,1,1,0,,1,1,0,0,1,0,1,0,0,,,,,,,,,,,,,,,,,,,,"Sauvignon Blanc, Sémillon",2009,Frankrijk,Wit,Bordeaux,Sauternes,Château Suduiraut,Tweede wijn,"Op dronk, nog zeker 10 jaar op te leggen",Zoet en dessertwijn,,,simple,1,test in depth,,base
126,default,Wijnen,simple,Wijnen,Root Catalog,base,3,2014-02-18 21:42:32,,,,,"Een genereuze levendige champagne met een rijpe lange en vorstelijke finale. De derde generatie van de familie Baron - drie zussen - zet in Charly sur Marne een champage neer die zich moeiteloos kan meten met de grote namen. Hun champagnes zijn samengesteld uit 3 druivenvariëteiten (chardonnay, pinot noir en pinot meunier), een melange waarmee het huis zeer succesvol is. Bij Baron Albert verlaat geen fles de kelder voordat hij 3 tot 4 jaar zorgvuldig is opgevoed.",,,1,,,,inner,,,,,,,,Champagne Baron Albert Carte d'Or Brut,,,Block after Info Column,,19.95,,"De huischampagne van Vanouds de Zwaan. Heerlijk droog met een fijne mousse. Het Champagnehuis Baron Albert is al 3 generaties stevig geworteld op de kalkachtige, zonovergoten hellingen van Grand Porteron.",,,,,,1,2,1,,,,,4,75,75,6,6,0,1,0,0,1,1,1,1,1,0,,1,1,0,0,1,0,1,0,0,,,,,,,,,,,,,,,,,,,,"Chardonnay, Pinot Noir, Pinot Meunier",,Frankrijk,Mousserend,Champagne,,Baron Albert,,Op dronk,Fris en droog,,,simple,1,test in depth,,base
127,default,Wijnen,simple,Wijnen,Root Catalog,base,3,2014-02-18 21:42:32,,,,,"Tweede wijn Château Giscours – Troisième Grand Cru Classé. Dit grote chateau ligt op 20 kilometer van Bordeaux; het oorspronkelijke terroir ligt op drie belangrijke heuveltoppen, waarvan de Cantelaude-kam oost/west georiënteerd is wat een ideale richting is voor maximale zonneschijn, waardoor de wijnen veel concentratie hebben en een gespierde rijke opbouw met veel tannines.", het oorspronkelijke terroir ligt op drie belangrijke heuveltoppen,,1,,,,inner,,,,,,,,La Sirène de Giscours - Margaux,,,,,21.95,21.95,"Deze wijn ademt een verleidelijk aroma van rood, rijp fruit begeleid met wat vleugjes menthol. De mond is soepel, fruitig en elegant met een frisse en kruidige afdronk.",,,,,,1,2,2,,1,,,4,75,75,,75,10,10,0,1,0,0,1,1,1,0,1,0,,1,1,0,0,1,0,1,0,0,,,,,,,,,,,,,,,,,,"Cabernet Sauvignon, Merlot, Cabernet Franc, Petit Verdot",2007,Frankrijk,Rood,Bordeaux,Margaux,Château Giscours,Tweede wijn,"Op dronk, nog enkele jaren op te leggen",Vol en soepel,,,simple,1,test in depth,,base
128,default,Wijnen,simple,Wijnen,Root Catalog,base,3,2014-02-18 21:42:32,,,,,"Dit landgoed is eigendom van de familie Delon, die ook Léoville Las Cases en Potensac bezitten. Een ideale ligging ten opzichte van de zon zorgt voor perfecte omstandigheden voor de rijping van de druiven. Neus van zwarte kersen, pruim en kreupelhout; in de mond weelderig met een sappige textuur en zoete tannines.",,,1,,,,inner,,,,,,,,La Fugue de Nénin - Pomerol,,,Block after Info Column,,21.95,,"Een geweldige Pomerol, zeer robuust, warm en zeer aromatisch. ",,,,,,1,2,,1,,,,4,75,,75,21,21,0,1,0,0,1,1,1,0,1,0,,1,1,0,0,1,0,1,0,0,,,,,,,,,,,,,,,,,,,"Merlot, Cabernet Franc",2006,Frankrijk,Rood,Bordeaux,Pomerol,Château Nénin,Tweede wijn,Op dronk,Vol en soepel,,,simple,1,test in depth,,base
129,default,Wijnen,simple,Wijnen,Root Catalog,base,3,2014-02-18 21:42:32,,,,,"Zeer rijke en volle structuur, 11 maanden op eikenhout gerijpt, neus van vanille, stokbrood, rijp fruit en boter; in de mond tonen van perzik, amandel en vanille. Het familiebedrijf Charles Ninot ligt 7 kilometer ten zuidwesten van Beaune en is slechts 6 ha. groot. Charles Ninot legt zich toe op de productie van moderne, goede wijnen met behoud van de traditionele smaak van Bourgogne. Dat hij daar zeer goed in slaagt blijkt wel uit zijn verkiezing in 2001 tot één van de 500 beste wijnproducenten van Frankrijk.",,,1,,,,inner,,,,,,,,Meursault Charles Ninot,,,Block after Info Column,,22.95,,"Charles Ninot is een familiebedrijf in het hart van de Bourgogne. Hun Meursault is een absolute topper, een krachtige en rijke chardonnay dankzij de rijping op eikenhout.",,,,,,1,2,1,,,,,4,75,75,10,10,0,1,0,0,1,1,1,1,1,0,,1,1,0,0,1,0,1,0,0,,,,,,,,,,,,,,,,,,,,Chardonnay,2011,Frankrijk,Wit,Bourgogne,Meursault,Charles Ninot,,"Op dronk, nog zeker enkele jaren op te leggen",Romig en elegant,,,simple,1,test in depth,,base
130,default,Wijnen,simple,Wijnen,Root Catalog,base,3,2014-02-18 21:42:32,,,,,"Tweede wijn Château Grand-Puy Ducasse – Cinquième Grand Cru Classé. Robijnrood met tinten van violet. Een droomboeket met cassis en cacaoboter. Fijn, vrouwelijk en vol betoverende vruchtcomponenten. ",,,1,,,,inner,,,,,,,,Prélude à Grand-Puy Ducasse - Pauillac,,,Block after Info Column,,23.5,,Geweldige Pauillac met een gelaagdheid als een ontdekkingsreis.,,,,,,1,2,,,,,,4,75,33,33,0,1,0,0,1,1,1,0,1,0,,1,1,0,0,1,0,1,0,0,,,,,,,,,,,,,,,,,,,,,"Cabernet Sauvignon, Merlot",2008,Frankrijk,Rood,Bordeaux,Pauillac,Château Grand-Puy Ducasse,Tweede wijn,"Begint op dronk te komen, tenminste houdbaar tot 2020",Krachtig en complex,,,simple,1,test in depth,,base
132,default,Wijnen,simple,Wijnen,Root Catalog,base,3,2014-02-18 21:42:32,,,,,"De wijngaard van Prieuré in Margaux werd bijna vier eeuwen geleden aangeplant door monniken of Priors van Cantenac. De wijnen van dit chateau ademen de kenmerken van het terroir, elegant en verfijnd. Confidences is de tweede wijn van Grand Cru château Prieuré-Lichine.",,,1,,,,inner,,,,,,,,Confidences de Prieuré-Lichine - Pauillac,,,Block after Info Column,,23.95,,Een mooi gemaakte Margaux uit het topjaar 2009 met een kern van sappige pruim en zwarte kersen. Zacht en rond tot in de afdronk.,,,,,,1,2,,,,,,4,75,3,3,0,1,0,0,1,1,1,0,1,0,,1,1,0,0,1,0,1,0,0,,,,,,,,,,,,,,,,,,,,,"Cabernet Sauvignon, Merlot",2009,Frankrijk,Rood,Bordeaux,Margaux,Château Prieuré-Lichine,Tweede wijn,"Begint op dronk te komen, tenminste houdbaar tot 2020",Vol en soepel,,,simple,1,test in depth,,base
133,default,Wijnen,simple,Wijnen,Root Catalog,base,3,2014-02-18 21:42:32,,,,,"Château de Rayne Vigneau is een Premier Grand Cru Classé uit Sauternes. In de ochtendnevel van de rivier de Ciron ondergaan de druiven in Sauternes een zogenaamde edele rotting. De individuele druiven worden handmatig geplukt als ze voldoende aangetast zijn om er een heerlijk zoete, nectar-achtige wijn van te maken die toch haar frisheid behoudt in de afdronk. Bijzonder genieten!",,,1,,,,inner,,,,,,,,"Château de Rayne Vigneau - Sauternes 0,5 liter",,,,,24.5,24.5,"Een top Grand Cru uit Sauternes, nu mooi op dronk. Een schitterend alternatief voor port bij kaasplank of dessert, in fles van 0,5 liter.",,,,,,1,2,,,,,,4,50,,,,50,28,28,0,1,0,0,1,1,1,0,1,0,,1,1,0,0,1,0,1,0,0,,,,,,,,,,,,,,,,,"Sauvignon Blanc, Sémillon",1999,Frankrijk,Wit,Bordeaux,Sauternes,Château de Rayne Vigneau,Grand Cru,Op dronk,Zoet en dessertwijn,88,Parker,simple,1,test in depth,,base
135,default,Wijnen,simple,Wijnen,Root Catalog,base,3,2014-02-18 21:42:32,,,,,Tweede wijn Château Talbot – Quatrième Grand Cru Classé. Een landgoed met een rijke geschiedenis en één van de oudste Crus Classés in Medoc. Altijd met strakke hand geleid op kwaliteit en zuiverheid. De wijnen hebben een rijk bouquet en smaak en een bijzondere elegantie.,,,1,,,,inner,,,,,,,,Connétable Talbot - Saint Julien,,,Block after Info Column,,25.2,,"Aangename neus met zwart fruit, een vleugje soja en Aziatische kruiden; soepele tannines, lange kruidige afdronk.",,,,,,1,2,2,,1,,,4,75,75,,75,30,30,0,1,0,0,1,1,1,0,1,0,,1,1,0,0,1,0,1,0,0,,,,,,,,,,,,,,,,,,"Cabernet Sauvignon, Merlot",2009,Frankrijk,Rood,Bordeaux,Saint Julien,Château Talbot,Tweede wijn,"Begint op dronk te komen, nog zeker enkele jaren op te leggen",Vol en soepel,,,simple,1,test in depth,,base
136,default,Wijnen,simple,Wijnen,Root Catalog,base,3,2014-02-18 21:42:32,,,,,"Deze schitterende Condrieu kan jong gedronken worden maar kan ook zeker 6 jaar opgelegd worden. Verpakt in dozen van 3 flessen. Flonkerend lichtgeel in het glas, met een rijke volle neus, een zeer soepele en ronde structuur en zeer lage zuurgraad. Heerlijk bij zoetwatervis, Aziatische keuken, asperges, foie gras, geitenkaas of als aperitief.",,,1,,,,inner,,,,,,,,Alain Paret Lys de Volan - Condrieu,,,Block after Info Column,,26.95,,De wijngaard van deze Lys de Volan ligt op granietrijke terrassen in de vorm van een amfitheater. Als iedere Condrieu 100% viognier. Een imposante en onvergelijkbare witte wijn uit de Rhône. ,,,,,,1,2,,,,,,4,75,30,30,0,1,0,0,1,1,1,0,1,0,,1,1,0,0,1,0,1,0,0,,,,,,,,,,,,,,,,,,,,,Viognier,2011,Frankrijk,Wit,Côtes du Rhône,Condrieu,Alain Paret,,"Op dronk, tenminste houdbaar tot 2017",Romig en elegant,,,simple,1,test in depth,,base
141,default,Wijnen,simple,Wijnen,Root Catalog,base,3,2014-02-18 21:42:32,,,,,"Het chateau grenst aan chateau Cantenac Brown en Brane-Cantenac in het noorden, en Giscours in het oosten, en is gelegen op één van de hoogste heuvels in de Médoc; de wijnen hebben veel finesse en zijn uitzonderlijk door hun prachtige kleuren en hun geparfumeerde aromatische smaak. Deze Cinquième Grand Cru Classé uit 2007 heeft 88 Parker punten.",,,1,,,,inner,,,,,,,,Château du Tertre - Margaux Grand Cru Classé,,,Block after Info Column,,30.95,,"Een Loire-achtige neus; zoete inzet, soepel in de mond met een vleugje donkere chocolade rondom rijp zwart fruit.",,,,,,1,2,2,1,,,,4,75,75,75,7,7,0,1,0,0,1,1,1,0,1,0,,1,1,0,0,1,0,1,0,0,,,,,,,,,,,,,,,,,,,"Cabernet Sauvignon, Merlot, Cabernet Franc",2007,Frankrijk,Rood,Bordeaux,Margaux,Château du Tertre,Grand Cru,"Op dronk, nog zeker enkele jaren op te leggen",Vol en soepel,,,simple,1,test in depth,,base
142,default,Wijnen,simple,Wijnen,Root Catalog,base,3,2014-02-18 21:42:32,,,,,"Gekonfijte citrus, gember en minerale aroma's integreren goed met de lichte, elegante structuur. Elegante champagne, van inzet tot aan de lange afdronk. Laurent-Perrier is gevestigd in het pittoreske dorpje Tours-sure-Marne - een ideale locatie op het kruispunt van de drie belangrijkste subregio's in de Champagne: Montagne de Reims, Vallée de la Marne en Côte des Blancs. Laurent-Perrier, opgericht in 1812, is nu het grootste Champagne merk in familiebezit en staat bekend om de elegantie van haar champagnes.",,,1,,,,inner,,,,,,,,Champagne Laurent Perrier Brut L-P,,,Block after Info Column,,38.45,,"Eén van de bestverkochte champagnes ter wereld, stijlvol en elegant met een historie die teruggaat tot 1812.",,,,,,1,2,1,,,,,4,75,75,8,8,0,1,0,0,1,1,1,1,1,0,,1,1,0,0,1,0,1,0,0,,,,,,,,,,,,,,,,,,,,"Chardonnay, Pinot Noir, Pinot Meunier",,Frankrijk,Mousserend,Champagne,,Laurent Perrier,,Op dronk,Fris en droog,,,simple,1,test in depth,,base
143,default,Wijnen,simple,Wijnen,Root Catalog,base,3,2014-02-18 21:42:32,,,,,"Neus van zoethout, geroosterde kruiden, zoete kersen en bloemen; geweldig zacht, fruitig en soepel, heerlijk! Château Cantemerle staat bekend om zijn elegante, verfijnde wijnen – soms omschreven door wijnschrijvers als “Margaux stijl” – waarin cabernet sauvignon de boventoon voert. Sinds oogstjaar 2005 scoort Cantemerle louter topwaarderingen van de wijncritici. Deze tweede wijn wordt op dezelfde wijze gemaakt als zijn grote broer maar van de wat jongere wijnstokken op het château. Granaatrood van kleur. Een bouquet van rijp bosfruit met een vleugje zwarte bessen. Weelderig en verfijnd van smaak. Vol en  zacht in de mond met een vleugje vanille dankzij 12 maanden opvoeding op frans eiken. Samenstelling: 61% cabernet sauvignon, 29% merlot, 10% cabernet franc. 
",,,1,,,,inner,,,,,,,,Château Cantemerle - Haut-Médoc Grand Cru Classé,,,Block after Info Column,,39.95,,"Château Cantemerle staat bekend om zijn elegante, verfijnde wijnen – soms omschreven door wijnschrijvers als “Margaux stijl”. Uit topjaar 2005, 90 parkerpunten.",,,,,,1,2,,1,,,,4,75,,75,18,18,0,1,0,0,1,1,1,0,1,0,,1,1,0,0,1,0,1,0,0,,,,,,,,,,,,,,,,,,,"Cabernet Sauvignon, Merlot, Cabernet Franc",2005,Frankrijk,Rood,Bordeaux,Haut-Médoc,Château Cantemerle,Grand Cru,"Op dronk, tenminste houdbaar tot 2020",Vol en soepel,,,simple,1,test in depth,,base
144,default,Wijnen,simple,Wijnen,Root Catalog,base,3,2014-02-18 21:42:32,,,,,"Een grote, vlezige rosé, zeer Pinot Noir-achtig, met blad, kersen en aarde accenten gekoppeld aan een stevige, gespierde structuur; heeft warmte en persoonlijkheid, met een langgerekte afdronk. Laurent-Perrier is gevestigd in het pittoreske dorpje Tours-sure-Marne - een ideale locatie op het kruispunt van de drie belangrijkste subregio's in de Champagne: Montagne de Reims, Vallée de la Marne en Côte des Blancs. Laurent-Perrier, opgericht in 1812, is nu het grootste Champagne merk in familiebezit en staat bekend om de elegantie van haar champagnes.",,,1,,,,inner,,,,,,,,Champagne Laurent Perrier Cuvée Rosé,,,Block after Info Column,,59.95,,"Zeer feestelijke rosé champagne in een schitterende klassieke fles, gemaakt van 100% pinot noir.",,,,,,1,2,1,,,,,4,75,75,13,13,0,1,0,0,1,1,1,1,1,0,,1,1,0,0,1,0,1,0,0,,,,,,,,,,,,,,,,,,,,Pinot Noir,,Frankrijk,Mousserend,Champagne,,Laurent Perrier,,Op dronk,Romig en elegant,,,simple,1,test in depth,,base
